제조사,모델명,가격(원),무게(g),크기(mm),상품 URL,이미지 URL,설명서 URL,모델코드,화면크기(inch),해상도,최대주사율(Hz),패널,"응답속도(ms, GtG)",밝기(nit),곡률,HDMI 버전,HDMI 개수,DP 버전,DP 개수,DP 커넥터,USB-C 영상입력,USB-C 전력공급(W),VESA 규격(mm),포트별 제한,참고사항
ASUS,ASUS ProArt Display PA279CRV,690000,,,https://www.asus.com/us/displays-desktops/monitors/proart/proart-display-pa279crv/techspec/,https://dlcdnwebimgs.asus.com/gain/28581920-41a9-4ea9-a94f-fd6a83eb57fd/w692,https://www.asus.com/kr/supportonly/pa279crv/helpdesk_manual/,PA279CRV,27,3840x2160,60,IPS,5,350,미표기,2,2,1.4,2,표준,USB-C,96,100x100,,"DP 1.4 x2 데이지체인 지원  |  공식가 참고: 한국 ASUS 공식몰은 모니터 미취급 → 미국 공식몰 가격  |  최저가 참고: 해외구매가가 국내보다 저렴  |  해외구매 ₩607,200"
ASUS,ASUS ProArt Display PA279CV,,,,https://www.asus.com/us/displays-desktops/monitors/proart/proart-display-pa279cv/techspec/,https://www.asus.com/media/global/gallery/vbix8bxyatkzctly_setting_xxx_0_90_end_2000.png,https://www.asus.com/kr/supportonly/pa279cv/helpdesk_manual/,PA279CV,27,3840x2160,60,IPS,5,350,평면,2,2,1.2,1,표준,USB-C,65,100x100,USB-C 30Hz,USB-C 입력은 데이터와 대역폭 공유로 4K@30Hz 제한.  |  공식가 참고: 미국 공식몰 가격  |  최저가 참고: 가격비교 중지
ASUS,ASUS ProArt Display PA34VCNV,,,,https://www.asus.com/us/displays-desktops/monitors/proart/proart-display-pa34vcnv/techspec/,https://dlcdnwebimgs.asus.com/gain/7f25c0ea-b372-4379-aa14-e49c325f379b/w692,https://www.asus.com/kr/supportonly/pa34vcnv/helpdesk_manual/,PA34VCNV,34.1,3440x1440,60,IPS,5,300,3800R,2,2,1.4,2,표준,USB-C,96,100x100,,21:9 울트라와이드. DP 데이지체인 지원  |  공식가 참고: 미국 공식몰 가격  |  최저가 참고: 다나와 가격비교 페이지 없음
ASUS,ASUS ROG Swift OLED PG27AQDM,1250000,,,https://rog.asus.com/us/monitors/27-to-31-5-inches/rog-swift-oled-pg27aqdm/spec/,https://dlcdnwebimgs.asus.com/gain/59F76A27-DF1B-4EB6-A47A-9604D403C261,https://www.asus.com/kr/supportonly/pg27aqdm/helpdesk_manual/,PG27AQDM,27,2560x1440,240,OLED,0.03,미표기,평면,2,2,1.4,1,표준,없음,해당없음,100x100,DP 240Hz / HDMI 120Hz,"SDR 일반 밝기 미표기(HDR 피크 1000cd/㎡만 명시). HDMI는 120Hz 제한, 240Hz는 DP만.  |  공식가 참고: 미국 공식몰 품절(가격은 표시됨)"
ASUS,ASUS VA24DQSB,,,,https://www.asus.com/us/displays-desktops/monitors/eye-care/va24dqsb/techspec/,https://dlcdnwebimgs.asus.com/gain/2a8bfa36-bba5-4144-8589-97c7ba80390d/,https://www.asus.com/kr/supportonly/va24dqsb/helpdesk_manual/,VA24DQSB,23.8,1920x1080,75,IPS,5,250,평면,1.4,1,1.2,1,표준,없음,해당없음,100x100,,|  공식가 참고: 미국 공식몰 가격  |  최저가 참고: 다나와 가격비교 페이지 없음(병행수입만)
Acer,Acer Predator X45,,,,https://www.acer.com/us-en/predator/monitors/x45/pdp/UM.MXXAA.001,,https://www.acer.com/kr-ko/support/product-support/X45,UM.MXXAA.001,45,3440x1440,240,OLED,0.03,1000,800R,2,2,1.4,1,미표기,미표기,미표기,200x100,,"실측 44.5인치(45형 클래스). HDMI 버전이 '2'로만 표기되어 2.0/2.1 구분 불가. USB-C는 'Yes'만 표기되어 영상·PD 미상.  |  공식가 참고: 정가 $1,599.99에서 할인. 한국 공식몰 없음  |  최저가 참고: 다나와 미등록"
Alienware,Alienware 32 4K QD-OLED AW3225QF,1564250,,,https://www.delltechnologies.com/asset/en-us/products/electronics-and-accessories/technical-support/aw3225qf-alienware-32-4k-qd-oled-gaming-monitor-spec-sheet.pdf,https://i.dell.com/is/image/DellContent/content/dam/ss2/product-images/dell-client-products/peripherals/monitors/aw-series/aw3225qf/media-gallery/monitor-alienware-aw3225qf-white-gallery-1.psd?fmt=png-alpha,https://www.dell.com/support/product-details/ko-kr/product/aw3225qf-monitor/resources/manuals,AW3225QF,31.6,3840x2160,240,OLED,0.03,미표기,1700R,2.1,2,1.4,1,표준,없음,해당없음,100x100,HDMI 240Hz / DP 240Hz,패널 원문 'QD-OLED'이나 스펙표 분류는 OLED. 밝기 1000cd/㎡는 HDR 피크이며 SDR 일반 밝기 미표기 → unknown. USB-C는 다운스트림 전용(영상 아님).  |  공식가 참고: 재고 제한
Apple,Apple Studio Display (2026),2199120,,,https://www.apple.com/studio-display/specs/,https://www.apple.com/v/studio-display/specs/b/images/meta/studio-display_specs__d7kv1hkz4ioi_og.png,https://support.apple.com/ko-kr/docs/displays/301291,Studio Display,27,5120x2880,60,미표기,미표기,600,평면,없음,없음,없음,없음,없음,Thunderbolt,96,100x100,,5K Retina 218ppi. HDMI·DP 없음(Thunderbolt 5 + USB-C만). 패널 서브타입·응답속도 미공개. ★VESA는 기본 구성이 아니라 스탠드 대신 택1하는 별도 옵션.  |  공식가 참고: 스탠다드 글래스 + 기울기 조절 스탠드 기준  |  최저가 참고: 스탠다드 글래스+기울기 스탠드 기준
Apple,Apple Studio Display XDR,5199000,,,https://www.apple.com/studio-display-xdr/specs/,https://www.apple.com/v/studio-display-xdr/b/images/meta/studio_display_xdr__dvvwjvcv36uu_og.png,https://support.apple.com/ko-kr/docs/displays/301290,Studio Display XDR,27,5120x2880,120,미표기,미표기,1000,평면,없음,없음,없음,없음,없음,Thunderbolt,140,100x100,,"5K Retina XDR, Mini-LED 2304 디밍존, Adaptive Sync. 밝기 1000nits는 SDR 지속치이고 HDR 피크는 2000nits(컬럼 하나로 표현 불가). ★VESA는 별도 옵션.  |  공식가 참고: 스탠다드 글래스 + 기울기 조절 스탠드 기준. VESA 마운트 구성은 4,599,000원  |  최저가 참고: 스탠드 포함 최저 구성. VESA 구성은 4,599,000원"
BenQ,BenQ MOBIUZ EX2710Q,548990,,,https://www.benq.com/en-us/monitor/gaming/ex2710q/spec.html,https://image.benq.com/is/image/benqco/ex2710q-right45-2?$ResponsivePreset$,https://www.benq.com/ko-kr/support/downloads-faq/products/monitor/ex2710q/manual.html,EX2710Q,27,2560x1440,165,IPS,2,250,평면,2,2,1.4,1,표준,없음,해당없음,100x100,,GtG 2ms와 MPRT 1ms가 별도 항목으로 병기됨. HDR 피크 400nits.  |  공식가 참고: 미국 공식몰 일시 품절(가격은 표시됨). 한국 공식몰 없음
BenQ,BenQ PD2705U DesignVue,790000,,,https://www.benq.com/en-us/monitor/creative-pro/pd2705u/spec.html,https://image.benq.com/is/image/benqco/pd2705u-right45-3?$ResponsivePreset$,https://www.benq.com/ko-kr/support/downloads-faq/products/monitor/pd2705u/manual.html,PD2705U,27,3840x2160,60,IPS,5,250,평면,2,1,1.4,1,표준,USB-C,65,100x100,,|  공식가 참고: 단종(End of Life)  |  최저가 참고: 제조사 단종이나 국내 재고 있음
BenQ,BenQ PD3205U DesignVue,990000,,,https://www.benq.com/en-us/monitor/professional/pd3205u/spec.html,https://image.benq.com/is/image/benqco/pd3205u-right45-2?$ResponsivePreset$,https://www.benq.com/ko-kr/support/downloads-faq/products/monitor/pd3205u/manual.html,PD3205U,31.5,3840x2160,60,IPS,5,250,평면,2,1,1.4,1,표준,USB-C,90,100x100,,"HDR 피크 350nits 별도 표기.  |  공식가 참고: 정가 $579.99에서 할인 중  |  최저가 참고: 일부 셀러 즉시할인가 866,500원"
BenQ,BenQ SW272Q PhotoVue,1664240,,,https://www.benq.com/en-us/monitor/professional/sw272q/spec.html,https://image.benq.com/is/image/benqco/sw272q-left45?$ResponsivePreset$&fmt=png-alpha,https://www.benq.com/ko-kr/support/downloads-faq/products/monitor/sw272q/manual.html,SW272Q,27,2560x1440,60,IPS,5,300,평면,2,2,1.4,1,표준,USB-C,90,100x100,,"SD 카드리더 내장, HDR10.  |  공식가 참고: 단종(End of Life)  |  최저가 참고: 제조사 단종이나 국내 재고 있음"
Dell,Dell 27 USB-C Hub P2723DE,434900,,,https://www.delltechnologies.com/asset/ko-kr/products/electronics-and-accessories/technical-support/dell-24-27-32-usb-c-hub-monitors-p2423de-p2723de-p3223de-datasheet.pdf,"https://i.dell.com/is/image/DellContent/content/dam/ss2/product-images/dell-client-products/peripherals/monitors/p-series/p2723de-/pdp/monitor-p2723de-pdp-module-hero.psd?qlt=95&fit=constrain,1&hei=350&wid=504&fmt=png-alpha",https://www.dell.com/support/product-details/ko-kr/product/p2723de-monitor/resources/manuals,P2723DE,27,2560x1440,60,IPS,5,350,평면,1.4,1,1.4,1,표준,USB-C,90,100x100,,응답 Fast 5ms/Normal 8ms. DP Out 1개 별도(MST). RJ45 이더넷 포함. en-us/en-gb PDF가 404여서 ko-kr 데이터시트 사용.  |  공식가 참고: 일시 품절(가격은 표시됨)
Dell,Dell 32 Curved Gaming S3222DGM,,,,https://dl.dell.com/manuals/all-products/esuprt_electronics_accessories/esuprt_electronics_accessories_monitor/dell-s3222dgm-monitor_Users-Guide_en-us.pdf,https://i.dell.com/is/image/DellContent/content/dam/ss2/product-images/dell-client-products/peripherals/monitors/s-series/s3222dgm/pdp/monitors-dell-gaming-32-s3222dgm-pdp-design-gallery504x350.jpg?fmt=jpg&wid=504&hei=350,https://www.dell.com/support/product-details/ko-kr/product/dell-s3222dgm-monitor/resources/manuals,S3222DGM,31.5,2560x1440,165,VA,2,350,1800R,2,2,1.2,1,표준,없음,해당없음,100x100,HDMI 144Hz / DP 165Hz,"★응답속도 4단계 표기(Fast 8ms/Super Fast 4ms/Extreme 2ms GtG/MPRT 1ms) → GtG 최속 2ms 채택. HDMI는 144Hz, 165Hz는 DP만. 데이터시트가 없어 공식 User's Guide PDF 사용.  |  공식가 참고: 한국몰 접속 실패로 미국몰 가격. 미국몰도 품절  |  최저가 참고: 가격비교 중지"
Dell,Dell UltraSharp 27 4K USB-C Hub U2723QE,,,,https://www.delltechnologies.com/asset/en-gb/products/electronics-and-accessories/technical-support/dell-ultrasharp-27-and-32-usbc-hub-monitors-u2723qe-u3223qe-datasheet.pdf,https://i.dell.com/is/image/DellContent/content/dam/ss2/product-images/dell-client-products/peripherals/monitors/u-series/u2723qe/spi/ng/monitor-u2723qe-campaign-hero-504x350-ng.psd?fmt=jpg&wid=504&hei=350,https://www.dell.com/support/product-details/ko-kr/product/u2723qe-monitor/resources/manuals,U2723QE,27,3840x2160,60,IPS,5,400,평면,2,1,1.4,1,표준,USB-C,90,100x100,,패널 원문 'IPS Black'. 응답속도 Fast 5ms / Normal 8ms. DP Out 1개 별도(입력 아님).  |  공식가 참고: 일시 품절(가격은 표시됨)  |  최저가 참고: 가격비교 중지
Dell,Dell UltraSharp 27 U2724D,498790,,,https://www.delltechnologies.com/asset/en-us/products/electronics-and-accessories/technical-support/dell-ultrasharp-27-monitor-u2724d-datasheet.pdf,https://i.dell.com/is/image/DellContent/content/dam/ss2/product-images/dell-client-products/peripherals/monitors/u-series/u2724d/media-gallery/monitor-ultrasharp-u2724d-qhd-gy-gallery-1.psd?fmt=jpg&wid=1200&hei=630,https://www.dell.com/support/product-details/ko-kr/product/u2724d-monitor/resources/manuals,U2724D,27,2560x1440,120,IPS,5,350,평면,2.1,1,1.4,1,표준,없음,해당없음,100x100,DP 120Hz(8bit) / HDMI 120Hz,패널 원문 'IPS Black'. 응답 Fast 5ms/Normal 8ms. DP Out 1개 별도. USB-C 업스트림은 데이터 전용이라 영상입력 없음(다운스트림 15W는 급전용).  |  공식가 참고: 재고 제한
Dell,Dell UltraSharp 27 Thunderbolt Hub U2724DE,624000,,,https://www.delltechnologies.com/asset/en-gb/products/electronics-and-accessories/technical-support/dell-ultrasharp-27-thunderbolt-hub-monitor-u2724de-datasheet.pdf,https://i.dell.com/is/image/DellContent/content/dam/ss2/product-images/dell-client-products/peripherals/monitors/u-series/u2724de/media-gallery/monitor-ultrasharp-u2724de-gy-gallery-1.psd?qlt=95&fmt=jpg,https://www.dell.com/support/product-details/ko-kr/product/u2724de-monitor/resources/manuals,U2724DE,27,2560x1440,120,IPS,5,350,평면,2.1,1,1.4,1,표준,Thunderbolt,90,100x100,DP 120Hz(8bit) / HDMI 120Hz,패널 원문 'IPS Black'. 응답 Fast 5ms/Normal 8ms. DP Out 1개 별도(입력 아님). HDMI는 TMDS 방식(FRL 아님). 퀵액세스 USB-C 15W는 영상 아님.  |  공식가 참고: 재고 제한
Dell,Dell UltraSharp 32 4K USB-C Hub U3223QE,1299000,,,https://www.delltechnologies.com/asset/no-no/products/electronics-and-accessories/technical-support/dell-ultrasharp-27-and-32-usbc-hub-monitors-u2723qe-u3223qe-datasheet.pdf,https://i.dell.com/is/image/DellContent/content/dam/ss2/product-images/dell-client-products/peripherals/monitors/u-series/u3223qe/pdp/monitor-u3223qe-pdp-hero-504x350.psd?fmt=jpg&wid=756&hei=525,https://www.dell.com/support/product-details/ko-kr/product/u3223qe-monitor/resources/manuals,U3223QE,31.5,3840x2160,60,IPS,5,400,평면,2,1,1.4,1,표준,USB-C,90,100x100,,패널 원문 'IPS Black'. 응답 Fast 5ms/Normal 8ms. DP Out 1개 별도(입력 아님). VESA 홀은 커버 뒤. 별도 USB-C(KVM)는 데이터 전용.  |  공식가 참고: 일시 품절(가격은 표시됨)
Dell,Dell UltraSharp 32 6K U3224KB,2849000,,,https://www.delltechnologies.com/asset/en-us/products/electronics-and-accessories/technical-support/dell-ultrasharp-32-6k-monitor-u3224kb-datasheet.pdf,https://i.dell.com/is/image/DellContent/content/dam/ss2/product-images/dell-client-products/peripherals/monitors/u-series/u3224kb/pdp/monitor-ultrasharp-u3224kb-pdp-hero.psd?fmt=jpg&wid=3000&hei=2000,https://www.dell.com/support/product-details/ko-kr/product/u3224kb-monitor/resources/manuals,U3224KB,31.5,6144x3456,60,IPS,5,450,평면,2.1,1,2.1,1,mini,Thunderbolt,140,100x100,HDMI 60Hz(10bit) / DP 60Hz(10bit) / THUNDERBOLT 60Hz,패널 원문 'IPS Black'. 응답 Fast 5ms/Normal 8ms. 퀵액세스 USB-C는 15W(영상 아님).  |  공식가 참고: 일시 품절(가격은 표시됨)
Dell,Dell UltraSharp 40 Curved Thunderbolt Hub U4025QW,2299000,,,https://www.delltechnologies.com/asset/en-us/products/electronics-and-accessories/technical-support/dell-ultrasharp-40-curved-thunderbolt-hub-monitor-u4025qw-cvaa-datasheet.pdf,https://i.dell.com/is/image/DellContent/content/dam/ss2/product-images/dell-client-products/peripherals/monitors/u-series/u4025qw/media-gallery/monitor-ultrasharp-u4025qw-gray-gallery-1.psd?fmt=jpg&wid=1200&hei=630,https://www.dell.com/support/product-details/ko-kr/product/u4025qw-monitor/resources/manuals,U4025QW,39.7,5120x2160,120,IPS,5,450,곡면(R 미표기),2.1,1,1.4,1,표준,Thunderbolt,140,100x100,HDMI 120Hz / DP 120Hz / THUNDERBOLT 120Hz,"패널 원문 'IPS Black'. 21:9. 응답 Fast 5ms/Normal 8ms. VESA 홀은 커버 뒤. 곡면이나 R 미표기.  |  공식가 참고: 재고 제한  |  해외구매 ₩3,665,600"
GIGABYTE,GIGABYTE AORUS FO32U2,1309370,,,https://www.gigabyte.com/Monitor/AORUS-FO32U2/sp,https://static.gigabyte.com/StaticFile/Image/Global/32644633cd1199177a11a8eb2e24eb52/ProductRemoveBg/45045,https://www.gigabyte.com/kr/Monitor/AORUS-FO32U2/support,FO32U2,31.5,3840x2160,240,OLED,0.03,250,미표기,2.1,2,1.4,1,표준,USB-C,18,100x100,,SDR 250 / HDR 1000nits(APL 3%). USB-C PD 18W로 낮음(노트북 급전용 아님). 곡률 항목 없음.  |  공식가 참고: 공식 직판몰 없음
LG,LG UltraGear 27GP850-B,435880,,,https://www.lg.com/uk/monitors/gaming/27gp850-b/,https://www.lg.com/us/images/monitors/md08000370/450.jpg,https://www.lge.co.kr/support/product-27GP850-BC,27GP850-B,27,2560x1440,165,IPS,1,400,평면,미표기,2,1.4,1,표준,없음,해당없음,100x100,DP 165Hz / DP 180Hz [오버클럭] / HDMI 144Hz,"패널 원문 'Nano IPS'. 오버클럭 180Hz. HDMI 버전 미표기(개수 2개만 확인).  |  공식가 참고: 단종  |  해외구매 ₩496,900"
LG,LG UltraGear 27GR75Q,424520,,,https://www.lg.com/uk/monitors/gaming/27gr75q-b/,https://www.lg.com/content/dam/channel/wcms/hk_en/images/monitor/27gr75q-b_ahk_echk_hk_en_c/27GR75Q-B_AHK_ECHK_HK_EN_C-450x450.jpg,https://www.lge.co.kr/support/product-27GR75Q-BB,27GR75Q,27,2560x1440,165,IPS,1,미표기,미표기,미표기,2,1.4,1,미표기,미표기,미표기,미표기,,UK 페이지에서 밝기·VESA·곡률·HDMI 버전이 확인되지 않음(해당 섹션 동적 로드 의심).
LG,LG UltraGear OLED 27GS95QE,1530840,,,https://www.lg.com/uk/monitors/gaming/27gs95qe-b/,https://www.lge.co.kr/kr/images/monitors/md10306839/gallery/medium19.jpg,https://www.lge.co.kr/support/product-27GS95QE-BB,27GS95QE,26.5,2560x1440,240,OLED,0.03,275,미표기,2.1,2,1.4,1,미표기,미표기,미표기,100x100,,패널 실측 26.5인치(마케팅 27인치). DP 1.4 DSC. 곡률 항목 자체가 스펙표에 없음.
LG,LG 27MK600M,,,,https://www.lg.com/uk/business/monitor-products/ips/27mk600m-b/,https://www.lg.com/us/images/monitors/md05998958/MK600M-450.jpg,https://www.lge.co.kr/support/product-27MK600M-WB,27MK600M,27,1920x1080,75,IPS,5,250,평면,미표기,2,없음,없음,없음,없음,해당없음,100x100,,HDMI 버전 미표기. DP 없음(D-Sub 1포트 별도 존재).  |  최저가 참고: 가격비교 중지
LG,LG 27QN600,297850,,,https://www.lg.com/uk/monitors/27qn600-b/,https://www.lg.com/content/dam/channel/wcms/uk/images/monitors/27QN600-B_AEK_EEUK_UK_C/27QN600_450_basic.jpg,https://www.lg.com/us/support/product/lg-27QN600-B.AUS  (영문),27QN600,27,2560x1440,75,IPS,5,350,평면,1.4,2,1.2,1,표준,미표기,미표기,100x100,HDMI 75Hz / DP 75Hz,HDMI/DP 모두 2560x1440@75Hz. VRR 48~75Hz. 스펙표에 USB-C 항목 자체가 없어 unknown.  |  공식가 참고: 단종
LG,LG UltraFine 27U730A,861100,,,https://www.lg.com/uk/monitors/uhd-4k-5k/27u730a-b/,https://www.lg.com/content/dam/channel/wcms/za/images/mn/27u730a-b/gallery/ultrafine-uhd-4k-5k-27u730a-2025-black-gallery-basic.jpg,https://www.lg.com/uk/support/product-support/cs-27U730A-B.AAU/  (영문),27U730A,27,3840x2160,60,IPS,5,300,미표기,미표기,2,1.4,1,미표기,USB-C,90,100x100,USB-C 60Hz,HDMI 버전 미표기. USB-C는 3840x2160@60Hz 명시. 10bit(8bit+FRC).  |  최저가 참고: 판매처 3곳
LG,LG UltraGear 32GS95UE-B (Dual-Mode OLED),,,,https://www.lg.com/uk/monitors/gaming/32gs95ue-b/,https://www.lg.com/content/dam/channel/wcms/uk/images/monitors/32gs95ue/gallery/DZ-01.jpg,https://www.lge.co.kr/support/product-32GS95UE-BB,32GS95UE-B,31.5,3840x2160,240,OLED,0.03,275,평면,2.1,2,1.4,1,표준,미표기,미표기,100x100,듀얼모드 4K 240Hz / 듀얼모드 FHD 1920x1080@480,WOLED(QD-OLED 아님). 스펙표에 USB-C 항목 자체가 없어 '없음'이 아닌 unknown.  |  최저가 참고: 가격비교 중지
LG,LG UltraWide 34WP65C-B,882650,,,https://www.lg.com/uk/monitors/ultrawide/34wp65c-b/,https://www.lg.com/content/dam/channel/wcms/uk/images/monitors/34WP65C-B_AEK_EEUK_UK_C/gallery/large01.jpg,https://www.lge.co.kr/support/product-34WP65C-BL,34WP65C-B,34,3440x1440,160,VA,5,300,곡면(R 미표기),미표기,2,1.4,1,표준,없음,해당없음,100x100,DP 160Hz / HDMI 85Hz(10bit) / HDMI 100Hz(8bit),"원문 '5ms(GtG at Faster), 1ms MBR' → GtG 5 채택. HDMI 버전 미표기. 곡면이나 R 미표기.  |  최저가 참고: 단종품이라 공식가보다 높음"
LG,LG Curved UltraWide 40WP95C,4740500,,,https://www.lg.com/uk/monitors/21-9-ultrawide-monitors/40wp95c-w/,https://www.lg.com/us/images/monitors/md08001731/450.jpg,https://www.lge.co.kr/support/product-40WP95C-WL,40WP95C,39.7,5120x2160,72,IPS,5,300,곡면(R 미표기),미표기,2,1.4,1,미표기,Thunderbolt,96,100x100,HDMI 3440x1440@72 [포트 제한] / DP 72Hz / USB-C 72Hz,패널 원문 'Nano IPS'. ★HDMI는 3440x1440@72Hz로 제한 — 5120x2160은 DP/TB/USB-C만. 곡면이나 R 미표기.  |  최저가 참고: ★판매처 1곳뿐인 단종품 — 시세로 보기 어려움
MSI,MSI Optix MAG274QRF-QD,591000,,,https://www.msi.com/Monitor/Optix-MAG274QRF-QD/Specification,https://storage-asset.msi.com/global/picture/product/product_16421394998e3c22d5813d74e8ff6a05b8ef5e5c22.webp,https://kr.msi.com/Monitor/Optix-MAG274QRF-QD/support,MAG274QRF-QD,27,2560x1440,165,IPS,1,300,평면,2.0b,2,1.2a,1,표준,USB-C,미표기,100x100,HDMI 144Hz / DP 165Hz / USB-C 165Hz,"패널 원문 'Rapid IPS'. HDMI는 144Hz 제한, 165Hz는 DP/USB-C. USB-C PD 와트 미표기. URL에 'Optix-' 접두사 필요.  |  공식가 참고: 미국 공식몰 페이지 없음 — 후속 E2 모델로 대체된 듯  |  최저가 참고: ★판매처 1곳"
MSI,MSI MPG 271QRX QD-OLED,,,,https://www.msi.com/Monitor/MPG-271QRX-QD-OLED/Specification,https://storage-asset.msi.com/global/picture/product/product_1720170492e7c7b59c400cd5c1cc144be20b26f26b.webp,https://www.msi.com/Monitor/MPG-271QRX-QD-OLED/support  (영문),MPG271QRX-QD-OLED,26.5,2560x1440,360,QD-OLED,0.03,250,평면,2.1,2,1.4a,1,표준,USB-C,90,100x100,HDMI 360Hz,스펙표에 'QD-OLED' 명시.  |  공식가 참고: 미국 공식몰 재고 있음  |  최저가 참고: 일시품절·판매처 0곳
MSI,MSI MPG 341CQPX QD-OLED,,,,https://www.msi.com/Monitor/MPG-341CQPX-QD-OLED/Specification,https://storage-asset.msi.com/global/picture/product/product_17391693875aaf79ee202c427d9f601dd5a744b522.webp,https://www.msi.com/Monitor/MPG-341CQPX-QD-OLED/support  (영문),MPG341CQPX-QD-OLED,34.18,3440x1440,240,QD-OLED,0.03,250,1800R,2.1,2,1.4a,1,표준,USB-C,98,100x100,HDMI 240Hz,21:9. SDR 250nits / HDR 450nits(Typ) / 1000nits Peak.  |  공식가 참고: 정가 $899.99에서 할인. 단 품절 상태  |  최저가 참고: 다나와 미등록
Samsung,Samsung ViewFinity S9 (S90PC),1314980,,,https://www.samsung.com/sg/monitors/high-resolution/viewfinity-s9-27-inch-5k-resolution-ls27c900paexxs/,https://images.samsung.com/is/image/samsung/p6pim/us/ls27c900panxza/gallery/us--ls27c900panxza-550362462?$product-details-jpg$,https://www.samsung.com/sec/support/model/LS27C900PAKXKR/,LS27C900PANXZA,27,5120x2880,60,IPS,5,600,평면,없음,없음,미표기,1,mini,Thunderbolt,90,100x100,,"5K. HDMI 항목 자체가 커넥티비티 목록에 없음. ★DP 버전은 미표기 — 스펙표의 '2.2'는 HDCP 버전이지 DP 버전이 아님(1차 수집 오류 정정). Thunderbolt 4.0.  |  공식가 참고: 정가 1,439,000원 / 최대혜택가. 한국 모델코드 LS27C900PAKXKR"
Samsung,Samsung Odyssey G5 G55C,239000,,,https://www.samsung.com/levant/monitors/gaming/odyssey-g5-g55c-27-inch-165hz-curved-qhd-ls27cg552emxue/,https://images.samsung.com/is/image/samsung/p6pim/levant/ls27cg552emxue/gallery/levant-odyssey-g5-g55c-ls27cg552emxue-539138616?$1164_776_PNG$,https://www.samsung.com/ae/support/model/LS27CG552EMXUE/  (영문),LS27CG552EMXUE,27,2560x1440,165,VA,미표기,300,1000R,2,1,1.2,1,표준,없음,해당없음,75x75,,스펙표에 MPRT 1ms만 있고 GtG 없음. 미국 페이지 미로드로 Levant 페이지 사용(지역 SKU 상이).  |  공식가 참고: 이 SKU는 중동 전용 — 한국·미국몰에 동일 코드 없음  |  최저가 참고: 다나와 등록명 S27CG550 — 사양 일치하나 전체 SKU 미확인
Samsung,Samsung Essential Monitor S3 (S36GD),,,,https://www.samsung.com/ca/monitors/curved/essential-monitor-s3-27-inch-100hz-ls27d368ganxza/,https://images.samsung.com/is/image/samsung/p6pim/us/ls27d368ganxza/gallery/us-curved-ls27d368ganxza----inch-essential-monitor-s--s--gd-black-552141772?$product-details-jpg$,https://www.samsung.com/us/support/downloads/?modelCode=LS27D368GANXZA  (영문),LS27D368GANXZA,27,1920x1080,100,VA,4,250,1800R,1.4,1,없음,없음,없음,없음,해당없음,75x75,,DP 없음(D-Sub 1포트 별도 존재).  |  공식가 참고: 한국은 다른 모델코드로 판매  |  최저가 참고: 곡면 S36GD 국내 미등록(평면 S30GD만 존재)
Samsung,Samsung Odyssey G5 (G50D),305000,,,https://www.samsung.com/sg/monitors/gaming/odyssey-g5-g50d-27-inch-180hz-ips-qhd-ls27dg502eexxs/,https://images.samsung.com/is/image/samsung/p6pim/us/ls27dg500enxza/gallery/us-gaming-ls27dg500enxza----inch-odyssey-g--g--d-black-552002000?$product-details-jpg$,https://www.samsung.com/us/support/downloads/?modelCode=LS27DG500ENXZA  (영문),LS27DG500ENXZA,27,2560x1440,180,IPS,1,350,평면,2,1,1.2,1,미표기,없음,해당없음,100x100,,HDMI 버전이 '2'로만 표기되어 2.0/2.1 구분 불가. US 페이지 미로드로 SG 페이지 사용(SKU 상이).  |  공식가 참고: 한국은 LS27DG504EKXKR로 코드가 달라 동일 SKU 아님
Samsung,Samsung ViewFinity S8 (S80UD),665000,,,https://www.samsung.com/sg/monitors/high-resolution/viewfinity-s8-32-inch-uhd-usbc-easysetupstand-ls32d804uaexxs/,https://images.samsung.com/is/image/samsung/p6pim/us/ls32d804uanxgo/gallery/us-high-resolution-ls32d804uanxgo-----viewfinity-s---s--ud---k-uhd-hdr---high-resolution-monitor-with-usb-c-and-ergonomic-stand-black-552046531?$product-details-jpg$,https://www.samsung.com/sec/support/model/LS32D804UAKXKR/,LS32D804UANXGO,32,3840x2160,60,VA,미표기,350,평면,2,1,1.2,1,미표기,USB-C,90,100x100,,"응답속도가 '5ms'로만 적히고 GtG/MPRT 구분이 없어 unknown. USB-C 영상 지원 여부도 명시 없음(PD 90W만 표기). US 미로드로 SG 페이지 사용.  |  공식가 참고: 한국 삼성닷컴은 '상품 정보 확인만 가능'(온라인 판매 안 함), 미국몰은 품절  |  최저가 참고: 판매처 2곳"
Samsung,Samsung Odyssey G7 (G70D),752380,,,https://www.samsung.com/ca/support/model/LS32DG702ENXZA/,https://images.samsung.com/is/image/samsung/p6pim/us/ls32dg702enxza/gallery/us-gaming-ls32dg702enxza----inch-odyssey-g--g--d-black-552007733,https://www.samsung.com/sec/support/model/LS32DG702EKXKR/,LS32DG702ENXZA,32,3840x2160,144,IPS,1,350,평면,2.1,2,1.4,1,미표기,없음,해당없음,100x100,,"|  공식가 참고: 정가 799,000원 / 최대혜택가. 한국 모델코드 LS32DG702EKXKR"
Samsung,Samsung Odyssey OLED G8 (G80SD),1799000,,,https://www.samsung.com/us/monitors/gaming/odyssey-oled-g8-g80sd-32-inch-240hz-oled-uhd-ls32dg800snxza/,https://images.samsung.com/is/image/samsung/p6pim/us/ls32dg800snxza/gallery/us-gaming-ls32dg800snxza----inch-odyssey-oled-g--g--sd-silver-552008412?$720_576_PNG$,https://www.samsung.com/sec/support/model/LS32DG800SKXKR/,LS32DG800SNXZA,32,3840x2160,240,OLED,0.03,250,평면,2.1,2,1.4,1,표준,없음,해당없음,100x100,,"스펙표 표기는 'OLED'뿐, 'QD-OLED' 문구 없음.  |  공식가 참고: 한국 삼성닷컴은 '상품 정보 확인만 가능'(온라인 판매 안 함)  |  최저가 참고: 유사코드 S32DG802가 더 저렴하나 SKU 달라 제외"
Samsung,Samsung Odyssey OLED G9 (G95SD),1796370,,,https://www.samsung.com/ca/monitors/gaming/odyssey-oled-g9-g95sd-49-inch-oled-dual-qhd-ls49dg954snxgo/,https://images.samsung.com/is/image/samsung/p6pim/us/ls49dg956snxgo/gallery/us-gaming-ls49dg956snxgo-odyssey-oled-g--g--sd-dqhd-silver-552034452?$product-details-jpg$,https://www.samsung.com/us/support/downloads/?modelCode=LS49DG956SNXGO  (영문),LS49DG956SNXGO,49,5120x1440,240,OLED,0.03,250,1800R,2.1,1,1.4,1,미표기,없음,해당없음,100x100,,"32:9. Micro HDMI 2.1 1포트 별도 존재(표준 HDMI와 커넥터 다름). USB-C는 데이터 전용. US 페이지 미로드로 CA 페이지 사용(SKU 상이).  |  공식가 참고: 정가 $2,039.98에서 프로모션 할인. 한국은 LS49DG952SKXKR로 코드 다름"
ViewSonic,ViewSonic VX2728J-2K,,,,https://www.viewsonic.com/us/vx2728j-2k.html,https://www.viewsonic.com/media/catalog/product/cache/10c8e383424fa76a79b8616adb267790/2/3/23mon-con1046-prd-vx2728j-2k_front_1.jpg,https://www.viewsonic.com/us/vx2728j-2k.html  (영문),VX2728J-2K,27,2560x1440,180,IPS,2.5,250,평면,2,2,미표기,1,표준,없음,해당없음,100x100,,MPRT 0.5ms 별도 표기. USB 포트 항목 자체가 없음. DP 버전 미표기.  |  공식가 참고: 미국 공식몰. 2회 재확인하여 동일값  |  최저가 참고: 다나와 미등록
