제조사,모델명,가격(원),무게(g),크기(mm),상품 URL,이미지 URL,설명서 URL,모델 번호,카테고리,폼팩터,센서,DPI 범위,폴링레이트,버튼 수,스위치/클릭 방식,연결 방식,배터리/전원,색상,드라이버/소프트웨어 URL
Logitech,MX Master 3S,129000,141,84.3 x 51 x 124.9,https://support.logi.com/hc/en-us/articles/5218070669847-Specification-MX-Master-3S,"https://resource.logitech.com/w_544,h_466,ar_7:6,c_pad,q_auto,f_auto,dpr_1.0/d_transparent.gif/content/dam/logitech/en/products/mice/mx-master-3s/2025-update/mx-master-3s-bluetooth-edition-top-view-black-new-1.png",https://support.logi.com/hc/en-us/articles/5218056588311-Getting-Started-MX-Master-3S,MR0096,생산성,일반형,Darkfield 고정밀 광학 센서,"200–8,000 DPI (기본값 1,000 DPI)",,"7개 (좌/우클릭, 뒤로/앞으로, 앱 전환, 휠 모드전환, 중클릭)",Quiet Click (MX Master 3 대비 클릭 소음 90% 감소),Logi Bolt USB 리시버 + Bluetooth Low Energy,"충전식 Li-Po 500mAh, USB-C / 1분 충전 시 3시간 사용, 완충 시 최대 70일","Graphite, Pale Grey",https://www.logitech.com/en-us/software/logi-options-plus.html
Logitech,MX Anywhere 3S,96000,95,65 x 34.4 x 100.5,https://support.logi.com/hc/en-us/articles/12895017855127-Specification-MX-Anywhere-3S,"https://resource.logitech.com/w_544,h_466,ar_7:6,c_pad,q_auto,f_auto,dpr_1.0/d_transparent.gif/content/dam/logitech/en/products/mice/mx-anywhere-3s/product-gallery/black/mx-anywhere-3s-mouse-top-view-black.png",https://support.logi.com/hc/en-in/articles/12895016873495-Getting-Started-MX-Anywhere-3S,MR0083,생산성(휴대용),일반형,Darkfield 고정밀 광학 센서,"400–8,000 DPI",,"6개 (좌/우클릭, 휠 모드전환, 중클릭, 뒤로/앞으로)",Quiet Click,Logi Bolt USB 리시버 + Bluetooth Low Energy,"충전식 Li-Po 500mAh, USB-C / 완충 2시간, 최대 70일 사용","Graphite, Pale Grey",https://www.logitech.com/en-us/software/logi-options-plus.html
Logitech,G PRO X SUPERLIGHT 2,164400,60,63.5 x 40 x 125,https://support.logi.com/hc/en-us/articles/15235304069783-Specification-G-PRO-X-Superlight-2-Lightspeed-Gaming-Mouse,"https://resource.logitechg.com/w_544,h_466,ar_7:6,c_pad,q_auto,f_auto,dpr_1.0/d_transparent.gif/content/dam/gaming/en/products/pro-x-superlight-2/new-gallery-assets-2025/pro-x-superlight-2-mice-top-angle-white-gallery-1.png",https://www.logitech.com/assets/66332/logitech-g-pro-x-superlight-2-lightspeed-gaming-mouse.pdf,MR0097,게이밍(초경량),일반형,HERO 2 (25K),"100–44,000 DPI","최대 8,000 Hz (0.125ms)",,LIGHTFORCE 하이브리드 광-기계식 스위치,"LIGHTSPEED 무선 (2.4GHz), USB-C 유선 충전","내장 충전식, 최대 95시간, POWERPLAY 무선충전 호환","Black, White, Magenta (한정판 별도)",https://www.logitechg.com/en-us/innovation/g-hub.html
Logitech,G502 X,84000,89,41.1 x 79.2 x 131.4,https://support.logi.com/hc/en-001/articles/7638880729367-Specification-G502-X-Gaming-Mouse,"https://resource.logitechg.com/w_544,h_466,ar_7:6,c_pad,q_auto,f_auto,dpr_1.0/d_transparent.gif/content/dam/gaming/en/products/g502x-corded/gallery/g502x-corded-gallery-1-white.png",https://www.logitech.com/assets/66240/g502-x-corded-gaming-mice-artanis.pdf,MU0088,게이밍(유선),일반형,HERO 25K,"100–25,600 DPI","최대 1,000Hz (1ms)",11개 버튼 / 13개 프로그래밍 가능 컨트롤,LIGHTFORCE 하이브리드 광-기계식 스위치,USB 2.0 유선,,"Black, White",https://www.logitechg.com/en-us/innovation/g-hub.html
Logitech,G305 LIGHTSPEED,92900,75,62.1 x 38.2 x 116.6,https://support.logi.com/hc/en-us/articles/360023303254-G305-LIGHTSPEED-Wireless-Gaming-Mouse-Technical-Specifications,"https://resource.logitechg.com/w_544,h_466,ar_7:6,c_pad,q_auto,f_auto,dpr_1.0/d_transparent.gif/content/dam/gaming/en/products/g305/2025-update/g305-lightspeed-mouse-top-angle-white-gallery-1.png",https://www.logitech.com/assets/65904/logitech-g305-qsg.pdf,M-R0071,게이밍(보급형 무선),일반형,HERO,"200–12,000 DPI","최대 1,000Hz (1ms)","6개 (좌/우/휠클릭, 전/후진, DPI 변경)",기계식 버튼 텐셔닝 시스템,LIGHTSPEED 무선 2.4GHz (USB 나노 리시버),"AA 건전지 1개 / 최대 250시간(퍼포먼스), 최대 9개월(엔듀런스)",White (외 컬러 라인업 존재),https://www.logitechg.com/en-us/innovation/g-hub.html
Logitech,G502 HERO,40000,121,75 x 40 x 290,https://support.logi.com/hc/en-001/articles/360023303534-Specification-G502-HERO-Gaming-Mouse,,https://www.logitech.com/assets/65517/2/g502-hero.pdf,M-U0047,게이밍(유선),일반형,HERO,"100–25,600 DPI","1,000Hz (1ms)",,,USB 유선 (케이블 2.1m),,,https://www.logitechg.com/en-us/innovation/g-hub.html
Logitech,G203 LIGHTSYNC,54120,,,https://support.logi.com/hc/en-us/articles/360053584973-G203-LIGHTSYNC-Gaming-Mouse,"https://resource.logitechg.com/w_544,h_466,ar_7:6,c_pad,q_auto,f_auto,dpr_1.0/d_transparent.gif/content/dam/gaming/en/products/refreshed-g203/2025-update/g203-mouse-top-angle-lilac-gallery-1.png",https://www.logitech.com/assets/66171/g102--g203-lightsync-web-qsg.pdf,910-005791,게이밍(보급형 유선),일반형,,"200–8,000 DPI",,6개,,USB 유선,,Lilac 등 다양한 컬러,https://www.logitechg.com/en-us/innovation/g-hub.html
Logitech,G403 HERO,64900,,,https://www.logitechg.com/en-us/products/gaming-mice/g403-hero-gaming-mouse.html,"https://resource.logitechg.com/w_544,h_466,ar_7:6,c_pad,q_auto,f_auto,dpr_1.0/d_transparent.gif/content/dam/gaming/en/non-braid/g403/g403-hero-mouse-top-angle-black-gallery-1.png",https://www.logitech.com/assets/65666/g403-hero.pdf,M-U0049,게이밍(유선),일반형,HERO 25K,"100–25,600 DPI",1ms 응답속도,6개 프로그래밍 가능 버튼,,USB 유선,,Black,https://www.logitechg.com/en-us/innovation/g-hub.html
Logitech,G604 LIGHTSPEED,402470,,,https://www.logitech.com/assets/65839/g604-lightspeed-wireless-gaming-mouse-qsg.pdf,,https://www.logitech.com/assets/65839/g604-lightspeed-wireless-gaming-mouse-qsg.pdf,G604,게이밍(다목적 무선),일반형,,400/800/1600/3200 (기본 프리셋),,15개 프로그래밍 가능 컨트롤(G4-G9 포함),,LIGHTSPEED 무선 2.4GHz + Bluetooth 동시 지원,AA 건전지 1개 (리튬 AA 사용 시 경량화 가능),,https://www.logitechg.com/en-us/innovation/g-hub.html
Logitech,MX Vertical,98800,125,79 x 78.5 x 120,https://support.logi.com/hc/en-us/articles/360023303394-MX-Vertical-Technical-Specifications,"https://resource.logitech.com/w_544,h_466,ar_7:6,c_pad,q_auto,f_auto,dpr_1.0/d_transparent.gif/content/dam/logitech/en/products/mice/mx-vertical/gallery/mx-vertical-gallery-04.png",,M-R0074,생산성(버티컬/인체공학),버티컬,,"400–4,000 DPI (기본 1,000/1,600)",,"4개 (뒤로/앞으로, DPI, 중클릭)",,2.4GHz 무선 + Bluetooth LE 4.2,"충전식 Li-Po 240mAh, USB-C / 최대 4개월 사용",,https://www.logitech.com/en-us/software/logi-options-plus.html
Logitech,M720 Triathlon,39850,135,74 x 45 x 115,https://support.logi.com/hc/en-us/articles/360023302794-M720-Triathlon-Technical-Specifications,"https://resource.logitech.com/w_544,h_466,ar_7:6,c_pad,q_auto,f_auto,dpr_1.0/d_transparent.gif/content/dam/logitech/en/products/mice/m720/gallery/m720-gallery-1a.png",,M-R0062,생산성(멀티디바이스),일반형,고정밀 광학 센서,"1,000 (고정)",,8개 (Easy-Switch 3채널),,Bluetooth Low Energy + 2.4GHz 무선,"AA 건전지 1개, 최대 24개월",,https://www.logitech.com/en-us/software/logi-options-plus.html
Logitech,Signature M650,43900,,,https://www.logitech.com/en-us/shop/p/m650-signature-wireless-mouse,"https://resource.logitech.com/w_544,h_466,ar_7:6,c_pad,q_auto,f_auto,dpr_1.0/d_transparent.gif/content/dam/logitech/en/products/mice/m650/update-2025/gallery/graphite-medium/m650-graphite-medium-top-angle-gallery-1.png",,MR0091,생산성(사일런트),일반형,,,,,SilentTouch (무소음 클릭),Bluetooth Low Energy + Logi Bolt USB 리시버,,"Graphite, Rose, Blue 등",https://www.logitech.com/en-us/software/logi-options-plus.html
Logitech,G600 MMO,277000,133,75 x 41 x 118,https://support.logi.com/hc/en-001/articles/360023465173-Logitech-G600-MMO-Gaming-Mouse-Technical-Specifications,,https://www.logitech.com/assets/44964/g600-mmo-gaming-mouse-quickstart-guide.pdf,910-003879,게이밍(MMO),일반형,레이저 센서,"200–8,200 DPI",,20개 이상 (G7-G20 프로그래밍 가능 버튼 + 서드핑거 버튼),,USB 유선 (케이블 2.1m),,,https://www.logitechg.com/en-us/innovation/g-hub.html
Logitech,G303 Shroud Edition,199410,75,63.5 x 40 x 125,https://www.bhphotovideo.com/c/product/1671736-REG/logitech_g_910_006103_g_pro_lightspeed_wireless.html,,,G303,게이밍(경량 무선),일반형,HERO 25K,"100–25,600 DPI","1,000Hz (1ms)",5개 프로그래밍 가능 버튼,,LIGHTSPEED 무선 2.4GHz,최대 145시간,,https://www.logitechg.com/en-us/innovation/g-hub.html
Logitech,M585 Multi-Device,104900,,,https://www.logitech.com/en-us/shop/p/m585-wireless-mouse,"https://resource.logitech.com/w_544,h_466,ar_7:6,c_pad,q_auto,f_auto,dpr_1.0/d_transparent.gif/content/dam/logitech/en/products/mice/m585/gallery/m585-gallery-grey-1.png",,M-R0064,생산성(멀티디바이스),일반형,,,,7개 (5개 버튼 + 썸버튼 2개),,Bluetooth 또는 USB Unifying 리시버 (10m),최대 24개월,Grey,
Logitech,M330 Silent Plus,49500,,,https://www.logitech.com/en-us/shop/p/m330-silent-plus-mouse,"https://resource.logitech.com/w_544,h_466,ar_7:6,c_pad,q_auto,f_auto,dpr_1.0/d_transparent.gif/content/dam/logitech/en/products/mice/m330-wireless-silent-mouse/2024-update/gallery/m330-wireless-mouse-top-view-black-gallery-01.png",,M-R0051 / M-R0112,생산성(보급형),일반형,,,,,SilentTouch (클릭 소음 90% 감소),USB 무선 리시버 (10m),최대 18개월,Black,
Logitech,Pebble Mouse 2 (M350s),24340,,,https://www.logitech.com/en-us/shop/p/pebble-2-m350s-wireless-mouse,"https://resource.logitech.com/w_544,h_466,ar_7:6,c_pad,q_auto,f_auto,dpr_1.0/d_transparent.gif/content/dam/logitech/en/products/mice/pebble-mouse-2-m350s/2026-refresh/gallery/pebble-mouse-2-m350s-tonal-rose-top-angle-gallery-1.png",,M350S,생산성(휴대용),일반형,,,,,SilentTouch (클릭 소음 90% 감소),"Bluetooth (Easy-Switch, 최대 3대)",,Tonal Rose 등 다양한 컬러,
Logitech,G PRO X SUPERLIGHT (1세대),115110,63,,https://www.logitechg.com/en-us/shop/p/pro-x-superlight-wireless-mouse,"https://resource.logitechg.com/w_544,h_466,ar_7:6,c_pad,q_auto,f_auto,dpr_1.0/d_transparent.gif/content/dam/gaming/en/products/pro-x-superlight/pro-x-superlight-black-gallery-6.png",,MR0106,게이밍(초경량),일반형,HERO 25K,,,,,LIGHTSPEED 무선 2.4GHz,,Black,https://www.logitechg.com/en-us/innovation/g-hub.html
Logitech,MX Ergo Wireless Trackball,93770,164,99.8 x 51.4 x 132.5,https://support.logi.com/hc/en-ca/articles/360023463493-MX-Ergo-Wireless-Trackball-Technical-Specifications,,https://www.logitech.com/content/dam/logitech/en/business/pdf/mx-ergo-advanced-wireless-trackball-data-sheet.pdf,MX ERGO,생산성(트랙볼/인체공학),트랙볼,고정밀 광학 센서(트랙볼),"512–2,048 DPI (조절 가능, 최대 4,000 지원)",,6개 프로그래밍 가능 버튼 (틸트 플레이트로 0°/20° 각도 조절),,Logitech Unifying USB 리시버 + Bluetooth Low Energy,"충전식 Li-Po 500mAh, Micro-USB / 완충 시 최대 4개월 사용",Graphite,https://www.logitech.com/en-us/software/logi-options-plus.html
Logitech,ERGO M575S Wireless Trackball,98240,145,100 x 48 x 134,https://www.logitech.com/en-us/shop/p/ergo-m575s-wireless-trackball,,https://www.logitech.com/content/dam/logitech/en/business/pdf/ergo-m575-for-business-data-sheet-w11.pdf,910-007026,생산성(트랙볼/인체공학),트랙볼,Logitech Advanced Optical Tracking,"400–2,000 DPI (기본 400)",,"5개 (좌/우클릭, 뒤로/앞으로, 휠 중클릭 — 3개 프로그래밍 가능)",80% 저소음 클릭 (M575 대비),Logitech Unifying USB 리시버 + Bluetooth Low Energy,"AA 건전지 1개, 최대 24개월(Unifying) / 20개월(Bluetooth)",Black + Blue Ball,https://www.logitech.com/en-us/software/logi-options-plus.html
Logitech,Lift Vertical Ergonomic Mouse,98060,125,70 x 71 x 108,https://www.logitech.com/en-us/shop/p/lift-vertical-ergonomic-mouse,,https://hub.sync.logitech.com/lift/post/specifications---lift-vertical-my3k1FjQMnVAtf0,910-006466,생산성(버티컬/인체공학),버티컬,Logitech Advanced Optical Tracking,"400–4,000 DPI",,"6개 (57° 버티컬 디자인, 좌/우손 모델 별도 출시)",저소음 클릭 및 스크롤,Logi Bolt USB 리시버 + Bluetooth Low Energy,"AA 건전지 1개, 최대 24개월","Off-white (외 Graphite, Rose 등)",https://www.logitech.com/en-us/software/logi-options-plus.html
Razer,DeathAdder V3 Pro,193000,64,,https://www.razer.com/gaming-mice/razer-deathadder-v3-pro,https://assets2.razerzone.com/images/pnx.assets/0e80e38b843acf6f0b5b237456108a2d/razer-deathadder-v3-pro-hero-desktop.webp,,RZ01-0463,게이밍(에르고노믹 무선),일반형,Focus Pro 30K 광학 센서,"최대 30,000","1,000Hz (HyperPolling 동글 사용 시 8,000Hz)",,Razer 광학 스위치 Gen-3 (9천만 클릭),Razer HyperSpeed Wireless,"최대 90시간, USB-C 충전","Black, White",https://www.razer.com/synapse-3
Razer,DeathAdder Essential,22830,,,https://www.razer.com/gaming-mice/razer-deathadder-essential,https://assets2.razerzone.com/images/pnx.assets/a51901df4217f1cbd57c93e233c5d984/razer-deathadder-essential-gaming-mouse-hero-desktop.jpg,,RZ01-0385,게이밍(보급형 유선),일반형,광학 센서,"6,400",,5개,Razer 기계식 스위치 (1천만 클릭),USB 유선,,"Black, White",https://www.razer.com/synapse-3
Razer,DeathAdder V3 HyperSpeed,149000,55,64.8 x 41.3 x 122.2,https://www.razer.com/gaming-mice/razer-deathadder-v3-hyperspeed,https://assets2.razerzone.com/images/pnx.assets/ef0800b3d46c633e4fac8bedf33fc991/dav3hyperspeed-desktop-hero.webp,,RZ01-0514,게이밍(에르고노믹 무선),일반형,Focus X 26K 광학 센서,"최대 26,000","옵션 동글 사용 시 최대 8,000Hz",,"Razer 광학 스위치 Gen-3 (9천만 클릭, 0.2ms)",Razer HyperSpeed Wireless (멀티 디바이스 동글),최대 100시간,Black,https://www.razer.com/synapse-3
Razer,DeathAdder V2 X HyperSpeed,48900,,,https://www.razer.com/gaming-mice/razer-deathadder-v2-x-hyperspeed,https://assets2.razerzone.com/images/pnx.assets/eebd948b7370fee222c1626b5f65d973/razer-deathadder-v2-x-hyperspeed-hero-desktop.jpg,,RZ01-0413,게이밍(에르고노믹 무선),일반형,Razer 5G Advanced 광학 센서,,,7개 (엣지 버튼 2개 + 사이드 버튼 2개 포함),Razer 기계식 스위치 Gen-2 (6천만 클릭),"Razer HyperSpeed Wireless + Bluetooth, AA/AAA 건전지",HyperSpeed 최대 235시간 / Bluetooth 최대 615시간,,https://www.razer.com/synapse-3
Razer,Viper V3 Pro,137200,54,,https://www.razer.com/gaming-mice/razer-viper-v3-pro,https://assets2.razerzone.com/images/pnx.assets/4b970f14388105bbb40f3b70318aaf2c/razer-viper-v3-pro-esports-green_1920x700_screenshot.jpg,,RZ01-0512,게이밍(대칭형 무선),일반형,Focus Pro 35K 광학 센서 Gen-2,"최대 35,000","최대 8,000Hz (HyperPolling 동글)",8개 프로그래밍 가능 컨트롤,"Razer 광학 스위치 Gen-3 (9천만 클릭, 0.2ms)",Razer HyperSpeed Wireless,최대 95시간,"Black, White",https://www.razer.com/synapse-3
Razer,Viper V3 HyperSpeed,103510,,,https://www.razer.com/gaming-mice/razer-viper-v3-hyperspeed,https://assets2.razerzone.com/images/pnx.assets/12020e9a87db9266e4ac0da5e61cbb41/razer-viper-v3-hyperspeed-hero.webp,,RZ01-0491,게이밍(대칭형 무선),일반형,Focus Pro 30K 광학 센서,"최대 30,000","1,000Hz (HyperPolling 동글 사용 시 8,000Hz)",8개 프로그래밍 가능 컨트롤,Razer 기계식 스위치 Gen-2 (6천만 클릭),"Razer HyperSpeed Wireless (2.4GHz), AA 건전지",최대 280시간,,https://www.razer.com/synapse-3
Razer,Viper 8KHz,185980,71,,https://www.razer.com/gaming-mice/razer-viper-8khz,https://assets2.razerzone.com/images/pnx.assets/8128edbe31baab2f16667874d58c78b7/viper-8k-hero-test3.jpg,,RZ01-03580,게이밍(대칭형 유선),일반형,Focus+ 광학 센서,,"8,000Hz (125/500/1000/2000/4000/8000Hz 설정 가능)",8개 프로그래밍 가능 버튼,Razer 광학 스위치 2세대,USB 유선 (SpeedFlex 케이블),,"Black, ESL Edition",https://www.razer.com/synapse-3
Razer,Viper Mini,66120,61,53.5 x 38.3 x 118.3,https://www.razer.com/gaming-mice/razer-viper-mini,,,RZ01-03250,게이밍(소형 유선),일반형,광학 센서,"8,500",,6개 프로그래밍 가능 버튼,Razer 광학 스위치 (0.2ms),USB 유선 (SpeedFlex 케이블),,,https://www.razer.com/synapse-3
Razer,Basilisk V3 Pro,179000,,,https://www.razer.com/gaming-mice/razer-basilisk-v3-pro,https://assets2.razerzone.com/images/pnx.assets/62dd52710c7316e57f1107a6d8a0a14d/razer-basilisk-v3-pro.webp,,RZ01-0462,게이밍(에르고노믹 무선),일반형,Focus Pro 30K 광학 센서,"최대 30,000","최대 8,000Hz (HyperPolling 동글/Mouse Dock Pro)",10+1개 프로그래밍 가능 버튼 (틸트 스크롤 휠 포함),"Razer 광학 스위치 Gen-3 (9천만 클릭, 0.2ms)","Razer HyperSpeed Wireless, 무선충전(Qi) 호환",,"Black, White",https://www.razer.com/synapse-3
Razer,Basilisk V3,59900,,,https://www.razer.com/gaming-mice/razer-basilisk-v3,https://assets2.razerzone.com/pages/basilisk-v3-4D578898E8144Le8da21dde32b7a9f5f/basilisk.png,,RZ01-0400,게이밍(에르고노믹 유선),일반형,Focus+ 26K DPI 광학 센서,"최대 26,000",,11개 프로그래밍 가능 버튼 (10+1),"Razer 광학 스위치 Gen-2 (7천만 클릭, 0.2ms)",USB 유선,,,https://www.razer.com/synapse-3
Razer,Basilisk V3 X HyperSpeed,104800,,,https://www.razer.com/gaming-mice/razer-basilisk-v3-x-hyperspeed,https://assets2.razerzone.com/images/pnx.assets/433606e87c3512c0cd3b44faf9d114b2/razer-basilisk-v3-x-hyperspeed-hero-desktop.webp,,RZ01-0487,게이밍(에르고노믹 무선),일반형,Razer 5G Advanced 18K 광학 센서,"6,400 (Synapse로 커스터마이즈)",,7개 버튼 / 9개 프로그래밍 가능 컨트롤,Razer 기계식 스위치 Gen-2 (6천만 클릭),"Razer HyperSpeed + Bluetooth, AA 건전지",HyperSpeed 최대 285시간 / Bluetooth 최대 535시간,,https://www.razer.com/synapse-3
Razer,Naga V2 Pro,269000,,,https://www.razer.com/gaming-mice/razer-naga-v2-pro,https://assets2.razerzone.com/images/pnx.assets/b02e38fb1e346442e03b6318b2a35086/hero-desktop.webp,,RZ01-0440,게이밍(MMO 무선),일반형,Focus Pro 30K 광학 센서,"최대 30,000",,최대 22개 프로그래밍 가능 컨트롤 (교체형 사이드플레이트: 12/6/2버튼),"Razer 광학 스위치 Gen-3 (9천만 클릭, 0.2ms)",HyperSpeed Wireless + Bluetooth + USB-C 유선,HyperSpeed 최대 150시간 / Bluetooth 최대 300시간,,https://www.razer.com/synapse-3
Razer,Naga V2 HyperSpeed,159000,,,https://www.razer.com/gaming-mice/razer-naga-v2-hyperspeed,https://assets2.razerzone.com/images/pnx.assets/ab56cdd145d460f42fd5f07149da51f6/razer-naga-v2-hyperspeed-hero-desktop.webp,,RZ01-0360,게이밍(MMO 무선),일반형,Focus Pro 30K 광학 센서,"최대 30,000",,21개 프로그래밍 가능 컨트롤 (19버튼 + 듀얼모드 스크롤휠),Razer 기계식 스위치 Gen-2 (6천만 클릭),HyperSpeed Wireless + Bluetooth,HyperSpeed 최대 250시간 / Bluetooth 최대 400시간,,https://www.razer.com/synapse-3
Razer,Orochi V2,39900,60,,https://www.razer.com/gaming-mice/razer-orochi-v2,https://assets2.razerzone.com/images/pnx.assets/dd7b10b2226d082cf25b40c780acc86d/orochi-v2-colors-hero.webp,,RZ01-0373,게이밍(초경량 휴대용),일반형,Focus X 18K 광학 센서,"최대 18,000",,6개 프로그래밍 가능 버튼,Razer 기계식 스위치 Gen-2 (6천만 클릭),"Bluetooth + Razer HyperSpeed (동글 내장), AA 건전지","Bluetooth 최대 1,100시간 / HyperSpeed 최대 445시간","Black, White, Quartz",https://www.razer.com/synapse-3
Razer,Pro Click V2,159000,,,https://www.razer.com/productivity/razer-pro-click-v2,https://assets2.razerzone.com/images/pnx.assets/dba80bde0b599e4391a6d3fea1f55198/pro-click-v2-ogimage-1200x630.webp,,RZ01-0390,생산성(무선),일반형,Focus Pro 30K 광학 센서,"최대 30,000",,9개 프로그래밍 가능 컨트롤,,5-way 멀티 디바이스 무선,최대 3.5개월 사용,,https://www.razer.com/synapse-3
Razer,Pro Click V2 Vertical Edition,212300,,,https://www.razer.com/productivity/razer-pro-click-v2-vertical-edition,https://assets2.razerzone.com/images/pnx.assets/c65341afe3025c81556fcd8cc44ed907/razer-pro-click-v2-vertical-edition-og-image-1200x630.webp,,RZ01-0525,생산성(버티컬/인체공학),버티컬,Focus Pro 30K 광학 센서,"최대 30,000",,6개 프로그래밍 가능 버튼 (Synapse 기준 최대 8개 컨트롤),,5-way 멀티 디바이스 무선 (71.7도 버티컬 디자인),최대 6개월 사용,,https://www.razer.com/synapse-3
Razer,Cobra Pro,170960,77,,https://www.razer.com/gaming-mice/razer-cobra-pro,https://assets2.razerzone.com/images/pnx.assets/608eb80ec16513e41c1a62caf1fb9b55/razer-cobra-pro-hero.webp,,RZ01-0466,게이밍(대칭형 무선),일반형,Focus Pro 30K 광학 센서,"최대 30,000","기본 125Hz (HyperPolling 동글/Dock Pro 사용 시 최대 8,000Hz)",10개 프로그래밍 가능 컨트롤,"Razer 광학 스위치 Gen-3 (9천만 클릭, 0.2ms)",HyperSpeed Wireless + Bluetooth + USB-C 유선,HyperSpeed 최대 100시간 / Bluetooth 최대 170시간,"Black, White",https://www.razer.com/synapse-3
Razer,Cobra,39900,58,,https://www.razer.com/gaming-mice/razer-cobra,https://assets2.razerzone.com/images/pnx.assets/0cf39c832890131444d75991945a1b10/razer-cobra-hero.webp,,RZ01-0465,게이밍(대칭형 유선),일반형,"8,500 DPI 광학 센서","8,500",,,"Razer 광학 스위치 Gen-3 (9천만 클릭, 0.2ms)",USB 유선 (SpeedFlex 케이블),,Black (다양한 콜라보 에디션 존재),https://www.razer.com/synapse-3
SteelSeries,Rival 3 (유선),33600,77,58.3 x 21.5 x 120.6,https://www.adorama.com/ss62513.html,https://www.adorama.com/images/Large/SS62513.jpg,,62513,게이밍(보급형 유선),일반형,TrueMove Core,"200–8,500 (100단위 조절)","1,000Hz (1ms)",6개 프로그래밍 가능 버튼,SteelSeries 기계식 스위치 (6천만 클릭),USB 유선 (1.8m 케이블),,Black (3존 RGB),https://steelseries.com/gg
SteelSeries,Rival 3 Gen 2 (유선),46660,77,,https://steelseries.com/gaming-mice/rival-3-gen-2,https://images.ctfassets.net/hmm5mo4qf4mf/5tCuR4QcYBghleNZoB2yFs/548dfe2f03e7d256050f6520011a729d/rival_3_gen_2_black_pdp_img_buy_01.png,,M-00018,게이밍(보급형 유선),일반형,TrueMove Core 8.5K,"8,500",,,기계식 스위치 (6천만 클릭),USB 유선 (Super Mesh 파라코드 케이블),,Black,https://steelseries.com/gg
SteelSeries,Rival 3 Wireless Gen 2,63000,75,,https://steelseries.com/gaming-mice/rival-3-gen-2,https://images.ctfassets.net/w5r1fvmogo3f/5heFOFlRxDVgYHHhFO7ZXF/9459bc50970530d2562bddf583c944b9/rival_3_wl_gen_2_black_pdp_img_buy_01.png,,M-00022,게이밍(보급형 무선),일반형,TrueMove Air 18K,,,,정밀 기계식 스위치 (6천만 클릭),"2.4GHz 무선(USB 동글) + Bluetooth, AAA 건전지",175시간(2.4GHz) / 450시간(Bluetooth),Black,https://steelseries.com/gg
SteelSeries,Rival 5,92070,85,,https://steelseries.com/gaming-mice/rival-5,https://images.ctfassets.net/hmm5mo4qf4mf/4csGDZSusZa2hwhSlijszd/1125aaded0bf6964b93b21052a52d497/imgbuy_rival5_001.jpg,,M-00023,게이밍(전천후 유선),일반형,TrueMove Air,"18,000",,9개 프로그래밍 가능 버튼,"Micro IP54 스위치 (방진방수, 8천만 클릭)",USB 유선 (마이크로 메시 케이블),,,https://steelseries.com/gg
SteelSeries,Rival 600,116080,96,62 x 27 x 131,https://steelseries.com/gaming-mice/rival-600,https://images.ctfassets.net/hmm5mo4qf4mf/1IQd3hBtvSh2f7mohyO0Ol/5c7913bfeff7a4af87f2b84575823732/03_rival600_kv_dual_hero.png,,M-00009,게이밍(듀얼센서 유선),일반형,TrueMove3+ (듀얼 센서),"12,000",,,"기계식 스위치 (6천만 클릭, 분리형 트리거)",USB 유선,,,https://steelseries.com/gg
SteelSeries,Rival 650 Wireless,141500,,,https://steelseries.com/gaming-mice/rival-650-wireless,,,62456,게이밍(듀얼센서 무선),일반형,"TrueMove3+ (듀얼 센서, 12,000 CPI)","12,000","1,000Hz (1ms)",,,Quantum Wireless 2.4GHz,"24시간 이상, 15분 충전 시 10시간 이상 사용",,https://steelseries.com/gg
SteelSeries,Aerox 3 Wireless (2022),155500,68,,https://steelseries.com/gaming-mice/aerox-3-2022,https://images.ctfassets.net/hmm5mo4qf4mf/5HgkBzBn6smRlx1iRVmxgU/b73afd509ada7a986e28df9774ff608c/aerox_3_wl_black_img_buy_01.png,,62608,게이밍(초경량 무선),일반형,TrueMove Air,"18,000",,,방진방수 스위치 (8천만 클릭),"Quantum 2.0 (2.4GHz + Bluetooth 5.0), USB-C 충전",200시간,Onyx(Black),https://steelseries.com/gg
SteelSeries,Aerox 3 Wireless Gen 2,147870,68,,https://steelseries.com/gaming-mice/aerox-3-wireless-gen-2,https://images.ctfassets.net/w5r1fvmogo3f/7pfahKQYd0MigA1YUw1k97/8d5299a5d4cc13a585947c48fd27fcd2/aerox_3_wl_gen_2_shadow_pdp_img_buy_01.png,,M-00019,게이밍(초경량 무선),일반형,TrueMove 26K,,"4,000Hz (2.4GHz 기준)",6개 프로그래밍 가능 버튼,기계식 스위치 (8천만 클릭),2.4GHz 무선 + Bluetooth,120시간(2.4GHz) / 200시간(Bluetooth),"Shadow, Ghost, White, Magenta, Black",https://steelseries.com/gg
SteelSeries,Aerox 5 Wireless,178500,66,,https://steelseries.com/gaming-mice/aerox-5,https://images.ctfassets.net/hmm5mo4qf4mf/Y5b4NuEOsLlGhzxCjj9Vf/697e03b1c784f66cb82b3a529964666f/aerox_5_wl_black_img_buy_01.png,,M-00025,게이밍(MMO 라이트 무선),일반형,TrueMove Air,"18,000",,7개 (좌/우클릭 + 사이드버튼 5개),,Quantum 2.0 (2.4GHz + Bluetooth 5.0),"180시간, 15분 충전 시 40시간 이상",Black,https://steelseries.com/gg
SteelSeries,Aerox 9 Wireless,389900,89,,https://steelseries.com/gaming-mice/aerox-9,https://images.ctfassets.net/hmm5mo4qf4mf/fb3tdprKJoZuAhuBmeJKh/01d2325c8fb2279d7c0b58ae90ed7f6e/aerox_9_wl_black_img_buy_01.png,,M-00028,게이밍(MMO 무선),일반형,TrueMove Air,"18,000",,18개 프로그래밍 가능 버튼,,Quantum 2.0 (2.4GHz + Bluetooth 5.0) + USB-C 유선,"180시간, 15분 충전 시 40시간 이상",Black,https://steelseries.com/gg
SteelSeries,Prime+ (유선),108000,69,,https://steelseries.com/gaming-mice/prime,https://images.ctfassets.net/hmm5mo4qf4mf/5F4pbgGB9CMGwWx67wLePT/da8f9f12428b4c694bc45593ef1b365f/buyimg_prime__001.jpg,,62490,게이밍(e스포츠 유선),일반형,TrueMove Pro+ (보조 리프트오프 센서 포함),"18,000",,,Prestige Optical Magnetic 스위치 (1억 클릭),"USB 유선 (탈착식 케이블), OLED 화면 탑재",,,https://steelseries.com/gg
SteelSeries,Sensei 310,84000,,,https://support.steelseries.com/hc/en-us/articles/360000715492-Sensei-310,,,62432,"게이밍(대칭형 유선, 구형)",일반형,,,,,,USB 유선,,,https://steelseries.com/gg
SteelSeries,Rival 310,89700,,,https://m.media-amazon.com/images/I/91DrNbBLhaL.pdf,,https://m.media-amazon.com/images/I/91DrNbBLhaL.pdf,62433,"게이밍(에르고노믹 유선, 구형)",일반형,,,,,분리형 트리거 메인 버튼,USB 유선,,,https://steelseries.com/gg
HP,HP 700 Rechargeable Wireless Mouse (Spectre),45000,104,60.5 x 39.9 x 117.9,https://www.hp.com/us-en/shop/pdp/hp-700-black-rechargeable-wireless-mouse,https://hp.com/wcsstore/hpusstore/Treatment/category/images/400-jackblack/HP-Mouse-JackBlack-Coreset-Top-573x430.png,,3NZ71AA,생산성(프리미엄 무선),일반형,멀티서피스 트래킹,"1,200 (기본값)",,8개 (7개 프로그래밍 가능) + Copilot 버튼,,2.4GHz 무선 + Bluetooth (최대 10m),"슈퍼커패시터, 3분 충전 시 최대 1개월 사용",Black,https://www.hp.com/us-en/shop/tech-takes/hp-accessory-center-app
HP,HP 920 Ergonomic Vertical Mouse,77970,,,https://www.hp.com/us-en/shop/pdp/hp-920-ergonomic-wireless-mouse,https://hp.widen.net/content/zkgspsv2hy/webp/zkgspsv2hy.png,,6H1A4AA,생산성(버티컬/인체공학),버티컬,멀티서피스 센서,"최대 4,000",,5개 프로그래밍 가능 버튼,,HP Unifying 동글 또는 Bluetooth 5.3 (최대 3대),"USB-C 충전식, 최대 16주 사용",,https://www.hp.com/us-en/shop/tech-takes/hp-accessory-center-app
HP,HP 280 Silent Wireless Mouse,61300,95,70.9 x 40.1 x 109.5,https://www.hp.com/content/dam/sites/garage-press/press/press-kits/2021/ces-2021/hp_280_silent_wireless_mouse_datasheet_us.pdf,,https://www.hp.com/content/dam/sites/garage-press/press/press-kits/2021/ces-2021/hp_280_silent_wireless_mouse_datasheet_us.pdf,19U64AA,생산성(사일런트),일반형,HP Blue Optical,"1,200",,3개 (클릭 소음 90% 감소),,2.4GHz 무선 (최대 10m),"AA 건전지 1개, 최대 18개월",Black,
HP,HP 400 Quiet Wireless Mouse,29640,,,https://www.hp.com/us-en/shop/pdp/hp-400-quiet-black-wireless-mouse-p-az7b2aa-aba-1,https://hp.widen.net/content/jtqfu5mlf3/webp/jtqfu5mlf3.png,,AZ7B4AA,생산성(보급형 사일런트),일반형,,"최대 6,000 (조절 가능)",,,,Bluetooth 또는 2.4GHz 동글,최대 24개월,"Black, Blue, Maple, Pink, Purple",
HP,HP Wired Desktop 320M Mouse,39920,76,63.4 x 35.5 x 103.8,https://pcb.inc.hp.com/dc/api/productsheet/us-en/37676389/pdf/9VA80AA.pdf,,https://pcb.inc.hp.com/dc/api/productsheet/us-en/37676389/pdf/9VA80AA.pdf,L96910-001 / L95713-0,생산성(보급형 유선),일반형,,"1,000",,3개 (휠 버튼 겸용),,USB 유선 플러그앤플레이,,,
HP,HP 925 Ergonomic Vertical Mouse,99000,,,https://www.hp.com/us-en/shop/pdp/hp-925-ergonomic-vertical-mouse,https://hp.widen.net/content/f5qvp2qutc/webp/f5qvp2qutc.png,,6H1A5AA,생산성(버티컬/인체공학),버티컬,,,,5개 프로그래밍 가능 버튼,,HP Unifying 동글 또는 Bluetooth 5.3 (최대 3대),"USB-C 충전식, 최대 16주 사용",,https://www.hp.com/us-en/shop/tech-takes/hp-accessory-center-app
Dell,Dell Mobile Wireless Mouse (MS3320W),27000,65,61 x 38.1 x 104.1,https://www.dell.com/en-us/shop/dell-mobile-wireless-mouse-ms3320w/apd/570-abgk/pc-accessories,https://i.dell.com/is/image/DellContent/content/dam/ss2/product-images/peripherals/input-devices/dell/mouse/ms3320w/global-spi/ng/dell-wireless-mouse-ms3320w-details-hero-500-ng.psd,,MS3320W,생산성(휴대용),일반형,Optical,1000/1600(기본)/2400/4000,,3개,,2.4GHz + Bluetooth 5.0 (듀얼모드),"AA 건전지, 최대 36개월",Black,
Dell,Dell Wired Mouse (MS116),27580,90,,https://www.dell.com/en-us/shop/dell-wired-mouse-ms116-black/apd/275-bbcb/pc-accessories,https://i.dell.com/is/image/DellContent/content/dam/ss2/product-images/peripherals/input-devices/dell/mouse/dell-ms116-optical-mouse-sapphire-1001a-black-hero-504x350.jpg,,MS116,생산성(보급형 유선),일반형,Optical LED,"1,000",,3개,,USB 유선 (1.8m 케이블),,"Black, White",
Lenovo,Lenovo Essential USB Mouse (4Y50R20863),7000,,,https://www.lenovo.com/us/en/p/accessories-and-software/keyboards-and-mice/mice/4y50r20863,https://p2-ofp.static.pub/fes/cms/2022/05/25/j8mfp624h7724mx9gr70e0irs6e79d351819.png,,4Y50R20863,생산성(보급형 유선),일반형,Optical,"1,600",,3개 (스크롤휠 포함),,USB 유선,,Black,
Lenovo,Lenovo Go USB-C Wireless Mouse (GY51C21210),47410,71,58.4 x 33 x 101.6,https://www.bhphotovideo.com/c/product/1728116-REG/lenovo_gy51c21210_go_usb_c_wireless_mouse.html,https://www.bhphotovideo.com/images/images500x500/lenovo_gy51c21210_go_usb_c_wireless_mouse_1663674357_1728116.jpg,,GY51C21210,생산성(컴팩트 무선),일반형,Optical,"최대 2,400",,5개 (프로그래밍 가능 사이드 버튼 포함),,2.4GHz RF (USB-C 리시버),"충전식 Li-ion, USB-C, 최대 3개월 (완충 2시간, 15분 급속충전 시 1주 사용)",Storm Gray,https://support.lenovo.com/us/en/downloads/ds550561-lenovo-go-central-for-windowsr-7-and-windows-10-64-bit
Lenovo,ThinkPad Silent Bluetooth Mouse (4Y50X88822),25000,127,76.2 x 40.6 x 149.9,https://www.bhphotovideo.com/c/product/1728115-REG/lenovo_gy50x88832_600_bluetooth_silent_mouse.html,https://www.bhphotovideo.com/images/images500x500/lenovo_gy50x88832_600_bluetooth_silent_mouse_1663673721_1728115.jpg,,4Y50X88822,생산성(사일런트),일반형,Optical,"800–2,400",,"3개 (2-way 스크롤휠, 무소음 클릭)",무소음 버튼 (300만 클릭),Bluetooth (최대 2대),"AA 건전지 1개, 최대 12개월",Iron Gray,
Lenovo,ThinkPad USB-C Wireless Compact Mouse (4Y51D20848),24000,118,101.6 x 45.7 x 137.2,https://www.bhphotovideo.com/c/product/1728119-REG/lenovo_gy51d20869_540_usb_c_compact_wireless.html,https://www.bhphotovideo.com/images/images500x500/lenovo_gy51d20869_540_usb_c_compact_wireless_1663673721_1728119.jpg,,4Y51D20848,생산성(컴팩트 무선),일반형,Optical,"800–2,400",,4개 (2-way 스크롤휠),,2.4GHz RF (USB-C 리시버),"AA 건전지 1개, 최대 18개월",Cloud Gray,
Lenovo,ThinkPad USB-C Wired Compact Mouse (4Y51D20850),14900,79,58.4 x 99 x 35.6,https://www.lenovo.com/us/en/p/accessories-and-software/keyboards-and-mice/mice/4y51d20850,https://i5.walmartimages.com/seo/Lnovo-Thinkpad-Compact-Mouse-Right-Left-handed-Optical-4-Buttons-Wired-Usb-Usb-c-Raven-Black-Oem-Thinkbk-15p-G2-Ith-Thinkcentre-M90-Thinkpad-E14-Gen_f16d046b-57d3-4cc6-96ba-9e701ce9ea59.87e4a90f92ec79e3d7a8f98bb9495df0.jpeg,,4Y51D20850,생산성(컴팩트 유선),일반형,Optical,"2,400",,4개 (스크롤휠 포함),,USB-C 유선,,Raven Black,
Lenovo,Legion M300s RGB Gaming Mouse (GY51H47350),22900,57,,https://www.connection.com/product/lenovo-legion-m300s-rgb/gy51h47350/41696908,,,GY51H47350,게이밍(경량 유선),일반형,PixArt 3327 광학 센서,"최대 8,000",,6개,기계식 스위치 (2천만 클릭),USB 2.0 유선,,Shadow Black,https://support.lenovo.com/us/en/downloads/ds539788
Lenovo,Legion M410 Wireless RGB Gaming Mouse (GY51P80851),50710,100,65 x 39 x 127.8,https://www.bhphotovideo.com/c/product/1919332-REG/lenovo_gy51p80851_legion_m410_wireless_rgb.html,https://www.bhphotovideo.com/images/images500x500/lenovo_gy51p80851_legion_m410_wireless_rgb_1759150869_1919332.jpg,,GY51P80851,게이밍(무선/유선 겸용),일반형,Optical,"400–16,000","1,000Hz",6개 프로그래밍 가능 버튼,,2.4GHz RF(USB-A 리시버) 또는 USB-C 유선,"800mAh 충전식 Li-ion, 최대 53시간(RGB 끔)",Transparent Black,https://support.lenovo.com/us/en/downloads/ds539788
Lenovo,Legion M600 Wireless Gaming Mouse (GY50X79385),52540,107,69 x 43 x 127,https://www.bhphotovideo.com/c/product/1728114-REG/lenovo_gy50x79385_legion_m600_wireless_gaming.html,https://www.bhphotovideo.com/images/images500x500/lenovo_gy50x79385_legion_m600_wireless_gaming_1663694429_1728114.jpg,,GY50X79385,게이밍(무선/유선 겸용),일반형,PixArt 3335 광학 센서,"최대 16,000",,9개 프로그래밍 가능 버튼,기계식 스위치 (5천만 클릭),"Bluetooth 5.0, 2.4GHz RF(USB-A 리시버), USB-C 유선","800mAh 충전식 Li-ion, 최대 200시간 (RGB 끔, 10분 급속충전 시 10시간)",Iron Gray/Black,https://support.lenovo.com/us/en/downloads/ds539788
Lenovo,Legion M600s Wireless Gaming Mouse (GY51H47354),146000,69,,https://www.connection.com/product/lenovo-legion-m600s-wireless-mouse/gy51h47354/41554570,,,GY51H47354,게이밍(초경량 무선),일반형,PixArt 3370 광학 센서,"최대 19,000",,6개 프로그래밍 가능 버튼,광학 스위치 (8천만 클릭),"2.4GHz RF(USB-C 리시버) + Bluetooth 5.0, 무선충전 호환",충전식 (USB-C),"Black, Gray, Storm Gray",https://support.lenovo.com/us/en/downloads/ds539788
ASUS,ROG Keris II Origin,188200,65,,https://rog.asus.com/mice-mouse-pads/mice/ergonomic-right-handed/rog-keris-ii-origin/,https://dlcdnwebimgs.asus.com/gain/F83BB6CE-9D58-4FA5-9A5D-65F91C149A94,,ROG Keris II Origin,게이밍(에르고노믹 무선),일반형,ROG AimPoint Pro 광학 센서,"최대 42,000","1,000Hz (ROG Polling Rate Booster 사용 시 최대 8,000Hz, 별매)","7개 (좌/우/휠클릭, 사이드 버튼 2개, 휠 상하)","ROG Micro Switch II (1억 클릭), Push-Fit Switch Socket II (3/5핀 호환)",2.4GHz RF(ROG Omni 리시버) + Bluetooth + USB 유선,"2.4GHz 최대 127시간(조명 끔)/82시간(기본 조명), BT 최대 192시간(조명 끔)/91시간(기본 조명)","Black, Moonlight White",https://gearlink.asus.com/en
ASUS,ROG Harpe Mini Core,39000,52,,https://rog.asus.com/mice-mouse-pads/mice/ambidextrous/rog-harpe-mini-core/,https://dlcdnwebimgs.asus.com/gain/FA05331B-7D49-466E-B208-8BAE5B90C64D,,ROG Harpe Mini Core,게이밍(소형 유선),일반형,Optical,"12,000 (편차율 3% 미만)","1,000Hz",,"ROG Micro Switch II (1억 클릭), Push-Fit 스위치 소켓(3핀 호환)",USB 유선 (ROG Paracord),,Moonlight White 등,https://gearlink.asus.com/en
ASUS,ROG Gladius III Core,148000,72,,https://rog.asus.com/mice-mouse-pads/mice/ergonomic-right-handed/rog-gladius-iii-core/,https://dlcdnwebimgs.asus.com/gain/2B6A44F5-FA49-4739-B475-F2B6BC614245,,ROG Gladius III Core,게이밍(에르고노믹 유선),일반형,Optical,"12,000 (편차율 3% 미만)","1,000Hz",,"ROG Micro Switch II (1억 클릭), Push-Fit 스위치 소켓(기계식/광학식 3핀 호환)",USB 유선 (ROG Paracord),,"Black, Moonlight White",https://gearlink.asus.com/en
ASUS,ROG Harpe Ace Mini,106000,49,57 x 37 x 117,https://rog.asus.com/mice-mouse-pads/mice/ambidextrous/rog-harpe-ace-mini/,https://dlcdnwebimgs.asus.com/gain/3E3EEEBF-D1CB-4F38-84DD-0C760D49EA76,,ROG Harpe Ace Mini,게이밍(초소형 무선),일반형,ROG AimPoint Pro 광학 센서,"100–42,000 (편차율 1% 미만)","최대 8,000Hz (ROG Polling Rate Booster 사용 시, 별매)","5개 (좌/우클릭, 휠, 전/후진)",ROG 광학 마이크로 스위치 (1억 클릭),트라이모드: USB 유선 + 2.4GHz RF + Bluetooth,"BT 최대 139시간(조명 끔)/113시간(기본 조명), 2.4GHz 최대 105시간(조명 끔)/79시간(기본 조명)","Black, Moonlight White",https://gearlink.asus.com/en
ASUS,ASUS TUF Gaming M3 Gen II,26500,59,68 x 40 x 123,https://www.asus.com/accessories/mice-and-mouse-pads/tuf-gaming/asus-tuf-gaming-m3-gen-ii/,https://dlcdnwebimgs.asus.com/gain/5498db05-e543-495a-959e-fd54226bbb34/,,M3 Gen II,게이밍(보급형 유선),일반형,Optical (편차율 3% 미만),"100–8,000 (4단계 즉시 전환)","1,000Hz",6개 프로그래밍 가능 버튼,기계식 스위치 (6천만 클릭),USB 2.0 유선,,Black,
ASUS,ASUS SmartO Mouse MD200 Silent Plus,154350,85,71 x 42.3 x 114.5,https://www.asus.com/accessories/mice-and-mouse-pads/asus-mouse-and-mouse-pad/asus-smarto-mouse-md200-silent-plus/,https://dlcdnwebimgs.asus.com/gain/02a8ae45-9b35-474e-937f-442d6c6087e0/,,MD200,"생산성(사일런트, 멀티디바이스)",일반형,,"최대 4,200",,6개 (사이드 버튼 2개 포함),무소음 클릭 (1천만 클릭),"2.4GHz RF(동글) + Bluetooth, 최대 4대 연결","AA 건전지 1개, 최대 1년 사용","Green Tea Latte, Oat Milk, Secret Black",
ASUS,ASUS Marshmallow Mouse MD100 Lite,34900,56,,https://www.asus.com/accessories/mice-and-mouse-pads/asus-mouse-and-mouse-pad/asus-marshmallow-mouse-md100-lite/,https://dlcdnwebimgs.asus.com/gain/9341da75-1f6a-44e6-84e1-cc7d9f4fce89/w800,,MD100 Lite,생산성(보급형 무선),일반형,,"800/1,000/1,600",,,기계식 스위치 (1천만 클릭),2.4GHz RF(동글) + Bluetooth 5.0,"AA 건전지 1개, 최대 1년 사용","Oat Milk, Green Tea Latte, Quiet Blue, Solar Blue, Lilac Purple, Brave Green",
ASUS,ASUS MW203 Multi-Device Wireless Silent Mouse,52900,,,https://www.asus.com/accessories/mice-and-mouse-pads/asus-mouse-and-mouse-pad/asus-mw203-multi-device-wireless-silent-mouse/,,,MW203,"생산성(사일런트, 멀티디바이스)",일반형,,"1,000/1,600/2,400",,좌/우/사이드 버튼 + DPI 전환 버튼,무소음 클릭 (1천만 클릭),"Bluetooth 5.0/3.0 + 2.4GHz RF, 최대 3대 동시 연결","오토슬립 기능 포함, 최대 13개월 사용",,
ASUS,MW201C BT & 2.4GHz Wireless Mouse,28800,,,https://www.asus.com/accessories/mice-and-mouse-pads/asus-mouse-and-mouse-pad/mw201c-bt-2-4ghz-wireless-mouse/,https://dlcdnwebimgs.asus.com/gain/77efb098-149a-4c33-9545-071d6ea35349/,,MW201C,생산성(듀얼모드 무선),일반형,Optical,"800/1,200/1,600 (기본 1,200)",,,,Bluetooth 4.0 + 2.4GHz RF (듀얼모드),,,
Rapoo,Rapoo VT9Pro,98900,68,67.1 x 38.7 x 124.8,https://shop.rapoo.com/products/rapoo-vt9-pro-wireless-gaming-mouse,https://shop.rapoo.com/cdn/shop/files/VT9PRP-1K-BK.png,,VT9PRO,게이밍(무선/유선 겸용),일반형,PixArt PAW3398 광학 센서,"50–26,000","1,000Hz(1K) 또는 4,000Hz(4K, 버전별)",11개 프로그래밍 가능 버튼,"Omron 스위치 (5천만 클릭), C+Click 기술",2.4GHz 무선(RAPOO V+) + USB-C 유선,"800mAh, 최대 160시간, 2~3시간 완충","Black, White, Black & Purple",https://shop.rapoo.com/pages/software-download
Rapoo,Rapoo VT1 Pro Max,53850,59,62 x 38 x 119,https://shop.rapoo.com/products/rapoo-vt1-pro-max-wireless-gaming-mouse,https://shop.rapoo.com/cdn/shop/files/VT1PRO_MAX-BK_1.png,,VT1 PRO MAX,게이밍(무선/유선 겸용),일반형,PixArt PAW3950 광학 센서,"50–30,000 (확장 시 최대 45,000)","유선 8,000Hz / 무선 4,000Hz","8개 (사이드 2, DPI 버튼 2)",Omron 기계식 스위치 (6천만 클릭),USB-C 유선 + RAPOO V+ 무선(2.4GHz),"800mAh 충전식, 1,000Hz 기준 최대 200시간","Black, White",https://shop.rapoo.com/pages/software-download
Rapoo,Rapoo VT9 MAX Gen-2,87400,53,65 x 39 x 125,https://shop.rapoo.com/products/rapoo-vt9-max-gen-2-wireless-gaming-mouse-ultra-lightweight,https://shop.rapoo.com/cdn/shop/files/VT9-PL_1.png,,VT9 MAX Gen 2,게이밍(경량 무선),일반형,PixArt PAW3950 광학 센서(45K),"10–45,000","최대 8,000Hz (유무선 공통)",10개 프로그래밍 가능 버튼,광학 스위치 (1억2천만 클릭),2.4GHz 무선 + USB-C 유선,"800mAh, 1,000Hz 기준 최대 750시간","Violet, White, Black",https://shop.rapoo.com/pages/software-download
Rapoo,Rapoo MT760 Pro,141880,110,81 x 47 x 125,https://shop.rapoo.com/products/rapoo-mt760-pro-nearlink-multi-device-wireless-mouse,https://shop.rapoo.com/cdn/shop/files/1.1_5a008a65-dfbd-471f-a1d6-c9e7f0fbfdea.png,,MT760 PRO,생산성(프리미엄 멀티디바이스),일반형,12K 광학 센서,"800–12,000 (7단계, 50단위 조절)","125–2,000Hz",11개 프로그래밍 가능 버튼,,"NearLink + Bluetooth 5.0(최대 3대) + USB-C 유선, 최대 7대 연결","800mAh, 최대 120일 사용, 5분 급속충전 시 하루 사용, Qi 무선충전 호환(모듈 별매)","Gray, Black",https://shop.rapoo.com/pages/software-download
Rapoo,Rapoo MT550,43900,79,69 x 43 x 103,https://shop.rapoo.com/products/rapoo-mt550-multi-device-wireless-optical-mouse,https://shop.rapoo.com/cdn/shop/files/mt550_4bef17f8-3944-4c21-853c-06f0ae082918.png,,MT550,생산성(보급형 멀티디바이스),일반형,PAW3220,"800/1,000/1,200/1,600/2,400/3,200/4,000",,9개 (사이드 버튼 2개 포함),,Bluetooth 3.0/4.0 + 2.4GHz USB (최대 4대),"500mAh, 약 100시간(최대 12개월), USB-C 충전",Black,
Rapoo,Rapoo MT560,49000,83,70 x 44 x 106,https://shop.rapoo.com/products/rapoo-mt560-multi-mode-wireless-mouse,https://shop.rapoo.com/cdn/shop/files/MT560-1_fa973ac7-cfe5-4695-8ad8-7b831abf73a4.png,,MT560,생산성(멀티디바이스),일반형,PAW3220 광학 센서,"800/1,000/1,120/1,600/2,400/3,200/4,000",,10개 프로그래밍 가능 버튼,,"Bluetooth 5.0 + 2.4GHz + 유선, 최대 5대 연결","800mAh 충전식, 최대 150~160시간(2.4GHz), USB-C 완충 약 3시간","Black, Beige, Cerulean, Light Pink, Mint Green",https://shop.rapoo.com/pages/software-download
Rapoo,Rapoo M100 Silent,25800,55,61 x 38 x 98,https://www.rapoo-eu.com/product/m100-silent/,,,M100G,"생산성(사일런트, 멀티디바이스)",일반형,Optical,"1,300 (고정)",,3개,무소음 클릭,"Bluetooth 3.0/4.0/5.0 + 2.4GHz(나노 리시버), 최대 3대","AA 건전지 1개, 최대 9개월 사용","Dark Grey, Light Grey, Blue, Red, Pink",
Rapoo,Rapoo M10 Plus,12130,55,61 x 38 x 98,https://www.rapoo-eu.com/product/m10-plus/,,,M10 PLUS,생산성(보급형 무선),일반형,Optical,"1,000",,3개,,2.4GHz 무선 (나노 USB 리시버),"AA 건전지 1개, 최대 12개월 사용","Black, White, Red, Blue",
A4Tech,A4Tech Bloody V7M,66900,140,,https://www.bloody.com/en/product.php?pid=10&id=107,,,V7M,게이밍(유선),일반형,Optical Engine,"최대 6,000","125~1,000Hz",8개 (좌클릭 3-Shooting Mode 포함),기계식 (1천만 클릭),USB 유선 (케이블 1.8m),,Black,https://www.bloody.com/en/software.php?id=6
A4Tech,A4Tech Bloody V8M Max,34220,,,https://www.bloody.com/en/product.php?pid=10&id=363,,,V8M MAX,게이밍(유선),일반형,MAX BC3332-A 12K 센서,"100–12,000","125~2,000Hz",,기계식 (2천만 클릭),USB 유선,,,https://www.bloody.com/en/software.php?id=6
A4Tech,A4Tech Bloody A70,73600,,,https://www.bloody.com/en/product.php?pid=10&id=137,,,A70,"게이밍(유선, 라이트스트라이크)",일반형,BC3332-A 게이밍 엔진,"100–12,000","125~2,000Hz",,"마이크로 스위치 (2천만 클릭, 응답 0.2ms)",USB 유선,,"Black, Matte Black",https://www.bloody.com/en/software.php?id=6
A4Tech,A4Tech Bloody L65 Max,39900,78,,https://www.bloody.com/en/product.php?pid=10&id=295,,,L65 MAX,게이밍(경량 유선),일반형,MAX BC3332-A 12K 센서,"100–12,000","125~2,000Hz",,기계식 (2천만 클릭),USB 유선 (브레이드 케이블),,"Sky Pink, Honeycomb, Royal Violet, Stone Black",https://www.bloody.com/en/software.php?id=6
