제조사,모델명,가격(원),무게(g),크기(mm),상품 URL,이미지 URL,설명서 URL,스피커 형태,연결 방식,채널,출력(W),임피던스,신호대잡음비(SNR),감도,전원방식,인클로저/구성,기타 상세/비고
Creative,사운드 블라스터 GS3,55900,1037,410 x 73.7 x 92.7,https://asia.creative.com/p/speakers/sound-blaster-gs3,https://img.creative.com/images/products/hero/sound-blaster-gs3/pdt_24247.png?width=1200&height=600,https://support.creative.com/manuals/welcome.aspx?catID=4&catName=Speakers&subCatID=1074&subCatName=Sound Blaster&prodID=24247&prodName=Sound Blaster GS3,PC사운드바,"유선(커넥터): 헤드폰단자, USB-C, AUX / 블루투스 (v5.4), 코덱: SBC",2.0채널,24W,-,85dB,-,USB전원,-,-
Creative,PEBBLE V2,42890,,116 x 115 x 122,https://asia.creative.com/p/speakers/creative-pebble-v2,https://img.creative.com/images/products/hero/creative-pebble-v2/pebble-v2-hero-mobile.jpg?width=1200&height=600,https://support.creative.com/manuals/welcome.aspx?catID=4&catName=Speakers&subCatID=1271&subCatName=Pebble&prodID=23379&prodName=Creative Pebble V2,새틀라이트스피커,"유선(입출력): AUX, USB-C",2.0채널,8W,-,-,-,USB전원,-,-
Creative,PEBBLE V3,49900,670,123 x 118 x 120,https://asia.creative.com/p/speakers/creative-pebble-v3,https://img.creative.com/images/products/hero/others/hero-creative-pebble-v3.jpg?width=800&height=800,https://support.creative.com/manuals/welcome.aspx?catID=4&catName=Speakers&subCatID=1271&subCatName=Pebble&prodID=23507&prodName=Creative Pebble V3,새틀라이트스피커,"유선(입출력): AUX, USB-C / 블루투스 (v5.0), 코덱: SBC",2.0채널,8W,-,75dB,-,USB전원,-,-
Creative,PEBBLE X PLUS,149000,2270,위성 139.5 x 136 x 132 / 우퍼 156.4 x 158.5 x 156,https://asia.creative.com/p/speakers/creative-pebble-x-plus,https://img.creative.com/images/products/hero/others/hero-creative-pebble-x-plus.jpg,https://support.creative.com/manuals/welcome.aspx?catID=4&catName=Speakers&subCatID=1271&subCatName=Pebble&prodID=24239&prodName=Creative Pebble X Plus,새틀라이트스피커,"유선(입출력): AUX, 헤드폰단자, 마이크단자, USB-C / 블루투스 (v5.3), 코덱: SBC",2.1채널,15W,-,-,-,USB전원,서브우퍼 구성,-
Creative,PEBBLE PRO,79000,780,123 x 118 x 123,https://asia.creative.com/p/speakers/creative-pebble-pro,https://img.creative.com/images/products/hero/creative-pebble-pro/PebblePRO_MHL.jpg?width=1200&height=600,https://support.creative.com/manuals/welcome.aspx?catID=4&catName=Speakers&subCatID=1271&subCatName=Pebble&prodID=23944&prodName=Creative Pebble Pro,새틀라이트스피커,"유선(입출력): AUX, 헤드폰단자, 마이크단자, USB-C / 블루투스 (v5.3), 코덱: SBC",2.0채널,10W,-,-,-,USB전원,-,-
앱코,SLP20,4190,211,70 x 70 x 70,https://abko.co.kr/brand/detail.php?it_id=1678946864&device=pc,https://abko.co.kr/data/brand/1678946864/SLP20main_01.jpg,https://ncore.co.kr/bbs/data.php,새틀라이트스피커,다나와 미기재,2.0채널,4W (2Wx2),-,-,-,USB전원,-,-
앱코,SP30 MULTIMEDIA,8000,680,70 x 73 x 118,https://www.abko.co.kr/brand/detail.php?it_id=1592558792&device=pc,http://ftp.abko.co.kr/img/DB/speaker/ABKO/SP30/SP30-DB_Final.jpg,https://ncore.co.kr/bbs/data.php,새틀라이트스피커,"유선(입출력): AUX, 헤드폰단자",2.0채널,6W (3Wx2),4Ω,-,-,USB전원,저음반사형,-
앱코,SP400,18700,1300,105 x 105 x 180,https://www.abko.co.kr/brand/detail.php?it_id=1652167081&device=pc,https://www.abko.co.kr/data/brand/1652167081/SP400_Main_01.jpg,https://ncore.co.kr/bbs/data.php,북셸프스피커,"유선(입출력): AUX, 헤드폰단자, 마이크단자",2.0채널,10W,4Ω,-,90dB,USB전원,저음반사형 / MDF,-
앱코,HACKER S1000,23900,,456 x 53 x 65,,https://img.danuri.io/catalog-image/620/409/005/507d4a586a9d40b1ab805770a7c2c4a4.jpg?shrink=330:*&_v=20260916105444 https://img.danuri.io/catalog-image/635/409/005/3d3d6bafea244f71a09ef7e5d2f6dd3b.jpg?shrink=330:*&_v=20260916114943,,PC사운드바,"유선(커넥터): 마이크단자, 헤드폰단자, USB",2.0채널,6W (3Wx2),32Ω,-,120dB (±4dB),USB전원,-,-
앱코,SP56 그래비티 게이밍 스피커,29800,660,410 x 76 x 64.4,https://brand.naver.com/abko/products/13141689751,https://img.danuri.io/catalog-image/441/987/104/802381a9e01847538bac72713d6b9dab.jpg?shrink=500:*&_v=20260916105003,,PC사운드바,유선(커넥터): USB-C / 블루투스 (v5.3),2.0채널,10W (5Wx2),3Ω,75dB,-,USB전원,-,-
Britz,브리츠인터내셔널 BA-R9,18910,600,400 x 73 x 68,https://britz.co.kr/product/view.html?from=best&p=&p_no=19,https://britz.co.kr/pds/product/19_1?1666852993,BA-R9 SoundBar_manual.jpg,PC사운드바,"유선(커넥터): 마이크단자, 헤드폰단자",2.0채널,6W (3Wx2),4Ω,-,-,USB전원,-,-
Britz,브리츠인터내셔널 Z2100 Pinacle 2,26460,1200,92 x 107 x 170,https://britz.co.kr/product/view.html?from=all&p_no=160&p=31,https://britz.co.kr/pds/product/160_1?1666852995,Manual_Z2100_Pinacle_manual_140x193_2014_1230_CHECK_1.jpg,북셸프스피커,"유선(입출력): AUX, 헤드폰단자, 마이크단자",2.0채널,5W (2.5Wx2),4Ω,60dB,-,USB전원,MDF,-
Britz,브리츠인터내셔널 BR-4390BT,399800,19100,우퍼 265 x 312 x 289 / 위성 127 x 156 x 217,https://britz.co.kr/product/view.html?from=all&p_no=466&p=29,https://britz.co.kr/pds/product/466_1?1666852998,,새틀라이트스피커,"유선(입출력): 옵티컬, 코엑셜, AUX / 블루투스 (v4.1)",2.1채널,150W (15Wx2+25Wx2+70W),-,-,-,AC/DC전원,서브우퍼 구성,-
Britz,브리츠인터내셔널 BR-Coupe,18240,550,68 x 86 x 166,https://britz.co.kr/product/view.html?from=search&p_no=81&p=1,https://britz.co.kr/pds/product/81_1?1666852994,,북셸프스피커,유선(입출력): 헤드폰단자,2.0채널,-,-,-,-,USB전원,-,-
Britz,브리츠인터내셔널 BA-MK38,21290,500,400 x 55 x 60,https://britz.co.kr/product/view.html?from=all&p_no=701&p=21,https://britz.co.kr/pds/product/701_1?1666853000,,PC사운드바,"유선(커넥터): 마이크단자, 헤드폰단자",2.0채널,4W (2Wx2),4Ω,75dB,-,USB전원,-,-
COX,CSB40 6W USB 사운드바,22500,410,460 x 68 x 66,,https://img.danuri.io/catalog-image/053/698/122/d1e13ffc461b4d35b61c3d4ae87042f0.jpeg?shrink=500:*&_v=20260916101058,,PC사운드바,"유선(커넥터): 헤드폰단자, 마이크단자, AUX",2.0채널,6W (3Wx2),4Ω,-,-,USB전원,-,-
COX,CSB150,19000,625,,,https://img.danuri.io/catalog-image/174/075/124/2d130dfdf031437498eaea83a7427b5f.jpeg?shrink=500:*&_v=20260916160610,,북셸프스피커,유선(입출력): USB,2.0채널,10W (5Wx2),4Ω,-,-,USB전원,-,케이블 제외 625g
COX,CSB05,7300,350,316 x 60 x 66,,https://img.danuri.io/catalog-image/209/001/095/ecfccbfa32ec491ca758caf26243146e.jpeg?shrink=500:*&_v=20260916080628,,PC사운드바,다나와 미기재,2.0채널,6W,4Ω,-,75dB,USB전원,-,-
COX,CSB30,15000,450,460 x 65 x 49,,https://img.danuri.io/catalog-image/362/846/078/0a7c254b89454e3bae3a4046affbe96b.jpg?shrink=500:*&_v=20260916111818,,PC사운드바,"유선(커넥터): 마이크단자, 헤드폰단자",2.0채널,6W (3Wx2),4Ω,-,-,USB전원,-,-
COX,CSB60,12000,610,225 x 80 x 80,,https://img.danuri.io/catalog-image/532/735/034/b69295454a6c4044b2ec77a024068cf9.jpg?shrink=500:*&_v=20260916105724,,PC사운드바,"유선(커넥터): 마이크단자, 헤드폰단자",2.0채널,6W (3Wx2),3Ω x 2,-,80dB,USB전원,-,-
캔스톤,X9BT,182160,2400,,http://www.canston.com/bbs/board.php?bo_table=gallery&wr_id=194,https://img.danuri.io/catalog-image/264/383/093/5c55542061b04171806f8aaef9eca1d9.jpg?shrink=500:*&_v=20260916080423,,북셸프스피커,"유선(입출력): 옵티컬, AUX, USB, HDMI, 서브우퍼단자 / 블루투스 (v5.3), 코덱: SBC",2.0채널,80W,-,-,85dB,AC전원,저음반사형,-
캔스톤,MX1,25690,1100,1개당 110 x 108 x 185,http://www.canston.com/bbs/board.php?bo_table=gallery&wr_id=184&sca=2%EC%B1%84%EB%84%90,https://img.danuri.io/catalog-image/985/369/034/68c39861cac5450db332c839eb7cba23.jpg?shrink=500:*&_v=20260916080645,,북셸프스피커,"유선(입출력): 헤드폰단자, 마이크단자",2.0채널,10W (5Wx2),-,60dB,-,USB전원,MDF,-
캔스톤,R360,65910,,150 x 208 x 235,http://www.canston.com/bbs/board.php?bo_table=gallery&wr_id=136&sca=2채널,https://img.danuri.io/catalog-image/271/405/013/70c3b34ed198403a8c7f1b72fb9f7866.jpg?shrink=500:*&_v=20260916080645,,북셸프스피커,유선(입출력): RCA,2.0채널,40W (20Wx2),-,-,86dB,AC/DC전원,저음반사형 / MDF,-
캔스톤,SPS300BT,123340,,146 x 164 x 240,http://www.canston.com/bbs/board.php?bo_table=gallery&wr_id=133,https://img.danuri.io/catalog-image/177/836/012/6f654d12ec744550b6ebf01512f1ceef.jpg?shrink=500:*&_v=20260916080423,http://ww.canston.co.kr/bbs/board.php?bo_table=data&wr_id=6&sst=wr_datetime&sod=asc&sop=and&page=1,북셸프스피커,"유선(입출력): 옵티컬, AUX, USB, RCA / 블루투스 (v5.0)",2.0채널,50W (25Wx2),-,85dB,25dB,AC/DC전원,MDF,-
캔스톤,R770BT,98500,4000,153 x 175 x 247,http://www.canston.com/bbs/board.php?bo_table=gallery&wr_id=144&sca=2%EC%B1%84%EB%84%90,https://img.danuri.io/catalog-image/712/563/014/d0309e522a2148f5b77752854e90e0e0.jpg?shrink=500:*&_v=20260916080628,,북셸프스피커,"유선(입출력): AUX, USB, RCA / 블루투스 (v5.0)",2.0채널,50W (25Wx2),-,-,-,AC/DC전원,-,-
에디파이어,R-1700BT+,109510,,152 x 224 x 254,https://www.edifier.com/global/p/bookshelf-speakers/r1700bts,https://new-edifier-us-oss.edifier.com/images/20221114/0271025f0c3f118e5efcd6bcfd62b87a.png,https://new-edifier-us-oss.edifier.com/files/20230525/87e252a9f2b582949d7d5bf366fa34c4.pdf,북셸프스피커,"유선(입출력): RCA / 블루투스 (v5.3), 코덱: LDAC, SBC",2.0채널,66W,-,85dB,-,-,MDF,-
에디파이어,T5s,149000,10400,399 x 170 x 400,https://www.edifier.com/us/p/subwoofers/t5s,https://new-edifier-us-oss.edifier.com/images/20250716/080337b42187e13c1c757253e79ee247.png,https://new-edifier-us-oss.edifier.com/files/20250626/7e327c7784aed194fec0961ef5441596.pdf,서브우퍼,유선(입출력): RCA,-,70W,-,-,-,-,저음반사형 / MDF,-
에디파이어,Halo 2.0 SE (QR30),89000,5300,액티브 127.5 x 142 x 193 / 패시브 112 x 142 x 193,https://www.edifier.com/global/p/computer-speakers/qr30,https://new-edifier-us-oss.edifier.com/images/20250121/4203b7eb881dcb102c4f74156cd9ae7b.png,https://new-edifier-us-oss.edifier.com/files/20250211/fada6c91f5f0338b909e08350019a307.pdf,북셸프스피커,"유선(입출력): AUX, USB / 블루투스 (v5.4), 코덱: SBC",2.0채널,30W (15Wx2),-,-,85dB,-,저음반사형,-
에디파이어,Halo2.0 (QR65),233700,5300,액티브 141.5 x 216.8 x 213 / 패시브 130 x 212 x 213,https://www.edifier.com/global/p/wireless-speakers/qr65,https://new-edifier-us-oss.edifier.com/images/20240119/759a792dc0f6d495e01dc55034443fd7.png,https://new-edifier-us-oss.edifier.com/files/20240118/e7fa1b839c1015295d8fcb8fd29b509e.pdf,북셸프스피커,"유선(입출력): USB, 서브우퍼단자, USB-C, RCA / 블루투스 (v5.3), 코덱: LDAC",-,70W (15Wx2+20Wx2),-,85dB,-,-,MDF,-
에디파이어,R101V,25210,2300,우퍼 162 x 226 x 206 / 스피커 68 x 166 x 86,https://www.edifier.com/cn/product/product-specs-636.html,,https://cn-oss.edifier.com/Uploads/images/2023/07/06/2023070614123016886239502643.pdf,북셸프스피커,다나와 미기재,2.1채널,4W,-,-,85dB,-,-,-
마이크로닉스,ROUND STUDIO BT-1000 V2,9900,440,450 x 65 x 65,https://www.micronics.co.kr/micronics/view_product.php?product_id=81R2U,https://img.danuri.io/catalog-image/712/871/011/73c1ba42d0bb4befab3e5510a4a97ec7.jpg?shrink=500:*&_v=20260916080628,,PC사운드바,"유선(커넥터): Micro5핀, AUX, USB, 마이크단자, 헤드폰단자 / 블루투스 (v4.2+EDR)",2.0채널,10W (5Wx2),-,70dB,-,-,-,-
마이크로닉스,ROUND STUDIO UB-1000,17000,440,450 x 65 x 65,https://www.micronics.co.kr/micronics/view_product.php?product_id=H32YE,https://img.danuri.io/catalog-image/622/311/009/8301040755934713a857d5cda2219ef7.jpg?shrink=500:*&_v=20260916080502,,PC사운드바,"유선(커넥터): 마이크단자, 헤드폰단자, AUX, USB",2.0채널,10W (5Wx2),-,-,-,USB전원,-,-
마이크로닉스,ROUND STUDIO BT-1000,49900,440,450 x 65 x 65,,https://img.danuri.io/catalog-image/057/164/008/3f23af0244cc4e04aa41afe46e8e1c53.jpg?shrink=500:*&_v=20260916080502,,PC사운드바,"유선(커넥터): Micro5핀, AUX, USB, 마이크단자, 헤드폰단자 / 블루투스 (v4.2+EDR)",2.0채널,10W (5Wx2),-,70dB,-,-,-,-
마이크로닉스,MANIC UB2000,15000,400,440 x 42 x 65,https://www.micronics.co.kr/micronics/view_product.php?product_id=E1V6F,https://img.danuri.io/catalog-image/210/526/019/2e9e144cff484feca313795b114a2f22.jpg?shrink=500:*&_v=20260915080533,,PC사운드바,"유선(커넥터): 마이크단자, 헤드폰단자",2.0채널,6W (3Wx2),4Ω,-,-,USB전원,-,-
SAUNGYU,BK4020A,78990,2780,123 x 139 x 196,,https://img.danuri.io/catalog-image/437/599/109/51fc156721c043d2a283a934b50b6bcd.jpg?shrink=500:*&_v=20260916080519,,북셸프스피커,"유선(입출력): 옵티컬, USB, RCA / 블루투스 (v5.4)",2.0채널,80W (40Wx2),-,-,-,AC/DC전원,MDF,-
SAUNGYU,BK3020A,40500,2410,120 x 138 x 210,,https://img.danuri.io/catalog-image/153/532/043/c305eedf0df14b87a323698edada3f4e.jpg?shrink=500:*&_v=20260915080659,,북셸프스피커,"유선(입출력): USB, RCA / 블루투스 (v5.0)",2.0채널,80W,-,80dB,-,-,저음반사형 / MDF,-
TGIC컴퓨터,TGS-1500,2800,,65 x 65 x 65,https://tgic.co.kr/product/tgs-1500-2%EC%B1%84%EB%84%90-usb-%EB%AF%B8%EB%8B%88-%EC%9C%A0%EC%84%A0-%EC%8A%A4%ED%94%BC%EC%BB%A4/114/category/66/display/1/,https://ecimg.cafe24img.com/pg2547b65044279046/pparkkn2/web/product/big/20260203/3b4e9b8baad45aca23abf2d8f5d187fc.jpg,,새틀라이트스피커,다나와 미기재,2.0채널,3W,-,-,-,USB전원,-,-
TGIC컴퓨터,TGS-U1,8100,,,https://tgic.co.kr/product/tgs-u1-2%EC%B1%84%EB%84%90-usb-%EC%9C%A0%EC%84%A0-%EC%8A%A4%ED%94%BC%EC%BB%A4/113/category/66/display/1/,https://ecimg.cafe24img.com/pg2547b65044279046/pparkkn2/web/product/big/20260203/d5a9a4c45c1c49449abca3c29a5fc991.jpg,,새틀라이트스피커,유선(입출력): AUX,2.0채널,6W,4Ω,-,-,USB전원,밀폐형,-
TGIC컴퓨터,TGS-747,11060,,,https://tgic.co.kr/product/tgs-747-21%EC%B1%84%EB%84%90-usb-%EC%9C%A0%EC%84%A0-%EC%8A%A4%ED%94%BC%EC%BB%A4/109/category/66/display/1/,https://ecimg.cafe24img.com/pg2547b65044279046/pparkkn2/web/product/big/20260203/183611e909ac4490d5a8c5cc8aa4f766.jpg,,새틀라이트스피커,유선(입출력): AUX,2.1채널,11W (5W+3Wx2),4Ω,-,-,USB전원,서브우퍼 구성,-
TGIC컴퓨터,TGS-U2,12990,,,https://tgic.co.kr/product/tgs-u2-2%EC%B1%84%EB%84%90-usb-%EC%9C%A0%EC%84%A0-%EC%8A%A4%ED%94%BC%EC%BB%A4/111/category/66/display/1/,https://ecimg.cafe24img.com/pg2547b65044279046/pparkkn2/web/product/big/20260203/172ca3189d656934e01e149e4baa9b5b.jpg,,북셸프스피커,유선(입출력): AUX,2.0채널,6W,4Ω,-,-,USB전원,-,-
TGIC컴퓨터,TGS-U3,9500,,,https://tgic.co.kr/product/tgs-u3-2%EC%B1%84%EB%84%90-usb-%EC%9C%A0%EC%84%A0-%EC%8A%A4%ED%94%BC%EC%BB%A4/112/category/66/display/1/,https://ecimg.cafe24img.com/pg2547b65044279046/pparkkn2/web/product/big/20260203/f1b3347a0b2a743f38e88173479353f5.png,,북셸프스피커,유선(입출력): AUX,2.0채널,6W,4Ω,-,-,USB전원,-,-
Razer,Nommo V2 Pro,599000,7250,스피커 130 x 181 x 184 / 우퍼 265 x 265 x 300.5,https://www.razer.com/gaming-speakers/razer-nommo-v2-pro,https://assets2.razerzone.com/images/pnx.assets/f5450ef387cac994f964e8e092560835/razer-nommo-v2-pro-hero-desktop.webp,https://mysupport.razer.com/,새틀라이트스피커,유선(입출력): USB-C / 블루투스 (v5.3),2.1채널,-,-,-,99dB,AC/DC전원,"새틀라이트, 서브우퍼",-
Razer,Nommo V2,399000,7450,스피커 130 x 181 x 184 / 우퍼 265 x 265 x 300.5,https://www.razer.com/gaming-speakers/razer-nommo-v2,https://assets2.razerzone.com/images/pnx.assets/eaebb52fa1538ccab9d076b1ea6e2d6c/razer-nommo-v2-hero-desktop.webp,https://mysupport.razer.com/,새틀라이트스피커,유선(입출력): USB-C / 블루투스 (v5.3),2.1채널,-,-,-,98dB,AC/DC전원,"새틀라이트, 서브우퍼",-
Razer,Nommo V2 X,229000,2400,130 x 180 x 184,https://www.razer.com/gaming-speakers/razer-nommo-v2-x,https://assets2.razerzone.com/images/pnx.assets/a0aeef5db5f2b2aabdec17e474733021/razer-nommo-v2-x-hero-desktop.webp,https://mysupport.razer.com/,새틀라이트스피커,유선(입출력): USB-C / 블루투스 (v5.0),2.0채널,-,-,-,-,AC/DC전원,저음반사형,-
Razer,Leviathan V2 X,119890,4400,사운드바 500 x 91.3 x 84 / 우퍼 220 x 220 x 241.5,https://www.razer.com/gaming-speakers/razer-leviathan-v2-x,https://assets2.razerzone.com/images/pnx.assets/5bebba64e57ee2831b4f41f0af0201af/razer-leviathan-v2-x-hero-desktop.webp,https://mysupport.razer.com/,PC사운드바,유선(커넥터): USB-C / 블루투스 (v5.0),-,65W,-,-,-,-,사운드바 + 우퍼,-
Razer,Leviathan V2,590400,4400,사운드바 500 x 91.3 x 84 / 우퍼 220 x 220 x 241.5,https://www.razer.com/gaming-speakers/razer-leviathan-v2,https://assets2.razerzone.com/images/pnx.assets/f2c5a02dd985f20cf5e7b8ab3ae30e1c/razer-leviathan-v2-hero-desktop-v2.webp,https://mysupport.razer.com/,PC사운드바,유선(커넥터): USB-C / 블루투스 (v5.2),-,65W,-,-,-,-,사운드바 + 우퍼,-
